,crime_rate,resid_area,air_qual,room_num,age,dist1,dist2,dist3,dist4,teachers,poor_prop,n_hos_beds,n_hot_rooms,rainfall,parks,airport_NO,airport_YES,waterbody_Lake,waterbody_Lake and River,waterbody_None,waterbody_River,bus_ter_YES,price
0,17.8667,48.1,0.671,6.223,100.0,1.48,1.13,1.48,1.46,19.8,21.78,7.904,11.0816,46.0,0.058067105,1.0,0.0,0.0,1.0,0.0,0.0,1.0,10.2
1,0.79041,39.9,0.544,6.122,52.8,2.89,2.34,2.77,2.55,21.6,5.98,8.242,15.1768,46.0,0.055734022,0.0,1.0,0.0,0.0,0.0,1.0,1.0,22.1
2,1.22358,49.58,0.605,6.943,97.4,1.99,1.76,1.92,1.84,25.3,4.59,8.226,13.3304,57.0,0.05481416,0.0,1.0,0.0,0.0,1.0,0.0,1.0,41.3
3,0.20608,35.86,0.431,5.593,76.5,8.15,7.62,8.12,7.93,20.9,12.5,6.252,12.1408,42.0,0.041141822,1.0,0.0,0.0,0.0,1.0,0.0,1.0,17.6
4,0.02055,30.74,0.41,6.383,35.7,9.32,8.93,9.43,9.07,22.7,5.77,5.794,15.1976,22.0,0.038214107,0.0,1.0,1.0,0.0,0.0,0.0,1.0,24.7
5,7.67202,48.1,0.693,5.747,98.9,1.73,1.54,1.75,1.52,19.8,19.92,9.27,14.068,22.0,0.06623652,1.0,0.0,0.0,0.0,1.0,0.0,1.0,8.5
6,0.20746,57.74,0.609,5.093,98.0,1.97,1.6,1.95,1.77,19.9,29.68,9.162,10.0648,49.0,0.062741536,0.0,1.0,0.0,1.0,0.0,0.0,1.0,8.1
7,0.08308,32.46,0.488,5.604,89.8,3.06,2.84,3.15,2.91,22.2,13.98,9.928,10.2112,27.0,0.046676165,0.0,1.0,1.0,0.0,0.0,0.0,1.0,26.4
8,0.30347,37.38,0.493,6.312,28.9,5.47,5.09,5.71,5.4,20.4,6.15,7.06,12.184,36.0,0.048493779,0.0,1.0,0.0,0.0,0.0,1.0,1.0,23.0
9,0.21038,33.33,0.4429,6.812,32.2,4.35,3.92,4.22,3.91,25.1,4.85,9.602,12.2808,26.0,0.051259589,1.0,0.0,1.0,0.0,0.0,0.0,1.0,35.1
10,0.01311,31.22,0.403,7.249,21.9,8.9,8.41,8.79,8.69,22.1,4.81,7.508,13.2832,50.0,0.047984816,0.0,1.0,0.0,0.0,0.0,1.0,1.0,35.4
11,9.39063,48.1,0.74,5.627,93.9,1.87,1.72,2.01,1.67,19.8,22.88,8.456,15.1024,50.0,0.073012667,0.0,1.0,0.0,0.0,1.0,0.0,1.0,12.8
12,0.33045,36.2,0.507,6.086,61.5,3.91,3.39,3.81,3.49,22.6,10.88,9.18,14.192,57.0,0.052493323,0.0,1.0,0.0,0.0,1.0,0.0,1.0,24.0
13,0.80271,38.14,0.538,5.456,36.6,3.8,3.52,3.86,4.0,19.0,11.69,8.504,12.1616,41.0,0.054250839,0.0,1.0,0.0,1.0,0.0,0.0,1.0,20.2
14,0.06664,34.05,0.51,6.546,33.1,3.22,2.91,3.21,3.18,23.4,5.33,6.188,12.2352,48.0,0.050839826,0.0,1.0,0.0,0.0,1.0,0.0,1.0,29.4
15,0.17171,35.13,0.453,5.966,93.4,6.84,6.67,7.08,6.69,20.3,14.44,6.22,15.128,48.0,0.038611012,1.0,0.0,0.0,0.0,0.0,1.0,1.0,16.0
16,8.26725,48.1,0.668,5.875,89.6,1.13,1.01,1.25,1.12,19.8,8.88,10.8,12.4,57.0,0.06447881,0.0,1.0,0.0,0.0,1.0,0.0,1.0,50.0
17,41.5292,48.1,0.693,5.531,85.4,1.9,1.56,1.63,1.34,19.8,27.38,8.47,11.068,56.0,0.061470408,1.0,0.0,0.0,0.0,1.0,0.0,1.0,8.5
18,6.28807,48.1,0.74,6.341,96.4,2.23,2.04,2.22,1.79,19.8,17.79,10.198,15.1192,41.0,0.070659667,1.0,0.0,0.0,0.0,1.0,0.0,1.0,14.9
19,8.64476,48.1,0.693,6.193,92.6,1.89,1.66,2.09,1.53,19.8,15.17,9.076,14.1104,55.0,0.062731082,1.0,0.0,0.0,0.0,0.0,1.0,1.0,13.8
20,2.81838,48.1,0.532,5.762,40.3,4.41,3.89,4.25,3.85,19.8,10.42,9.636,14.1744,57.0,0.048221723,1.0,0.0,0.0,1.0,0.0,0.0,1.0,21.8
21,0.18159,37.38,0.493,6.376,54.3,4.85,4.38,4.81,4.12,20.4,6.87,7.762,14.1848,40.0,0.046927708,0.0,1.0,1.0,0.0,0.0,0.0,1.0,23.1
22,0.1396,38.56,0.52,6.167,90.0,2.63,2.25,2.68,2.13,19.1,12.33,7.102,10.1608,20.0,0.045728768,0.0,1.0,0.0,0.0,1.0,0.0,1.0,20.1
23,3.32105,49.58,0.871,5.403,100.0,1.34,1.04,1.64,1.27,25.3,26.82,5.268,13.1072,42.0,0.080678048,0.0,1.0,0.0,0.0,0.0,1.0,1.0,13.4
24,1.12658,49.58,0.871,5.012,88.0,1.82,1.56,1.9,1.16,25.3,12.12,5.406,10.1224,46.0,0.085078322,0.0,1.0,0.0,0.0,1.0,0.0,1.0,15.3
25,6.80117,48.1,0.713,6.081,84.4,2.74,2.48,2.8,2.85,19.8,14.7,5.4,14.16,27.0,0.072635554,0.0,1.0,1.0,0.0,0.0,0.0,1.0,20.0
26,0.18836,36.91,0.448,5.786,33.3,5.25,5.0,5.4,4.75,22.1,14.15,9.3,12.16,39.0,0.045462478,0.0,1.0,1.0,0.0,0.0,0.0,1.0,20.0
27,0.08873,35.64,0.439,5.963,45.7,7.08,6.55,7.0,6.63,23.2,13.45,8.044,11.1576,21.0,0.040388562,0.0,1.0,0.0,0.0,0.0,1.0,1.0,19.7
28,0.49298,39.9,0.544,6.635,82.5,3.57,3.24,3.41,3.05,21.6,4.54,7.156,11.1824,31.0,0.058075982,1.0,0.0,0.0,0.0,0.0,1.0,1.0,22.8
29,0.7258,38.14,0.538,5.727,69.5,3.98,3.65,4.0,3.57,19.0,11.28,8.564,12.1456,27.0,0.057770199,1.0,0.0,0.0,1.0,0.0,0.0,1.0,18.2
30,0.09252,34.93,0.428,6.606,42.2,6.25,6.11,6.41,5.99,23.4,7.37,5.566,15.1864,51.0,0.041232141,1.0,0.0,0.0,1.0,0.0,0.0,1.0,23.3
31,0.77299,38.14,0.538,6.495,94.4,4.57,4.35,4.69,4.21,19.0,12.8,5.968,15.1472,35.0,0.054327375,0.0,1.0,0.0,0.0,0.0,1.0,1.0,18.4
32,0.11425,43.89,0.55,6.373,92.4,3.65,3.25,3.37,3.19,23.6,10.5,6.16,13.184,21.0,0.056016354,0.0,1.0,0.0,0.0,1.0,0.0,1.0,23.0
33,0.01381,30.46,0.422,7.875,32.0,5.81,5.53,5.76,5.5,25.6,2.97,8.2,14.4,26.0,0.042971351,0.0,1.0,0.0,0.0,0.0,1.0,1.0,50.0
34,0.17899,39.69,0.585,5.67,28.8,3.08,2.49,3.07,2.56,20.8,17.6,8.462,14.1848,55.0,0.055591669,1.0,0.0,0.0,1.0,0.0,0.0,1.0,23.1
35,0.0456,43.89,0.55,5.888,56.0,3.44,2.97,3.43,2.61,23.6,13.51,5.466,12.1864,22.0,0.061620518,0.0,1.0,0.0,1.0,0.0,0.0,1.0,23.3
36,14.3337,48.1,0.614,6.229,88.0,2.27,1.82,2.08,1.63,19.8,13.11,6.128,10.1712,32.0,0.063157529,1.0,0.0,0.0,0.0,0.0,1.0,1.0,21.4
37,0.11504,32.89,0.445,6.163,69.6,3.58,3.35,3.54,3.51,22.0,11.34,10.228,12.1712,21.0,0.046213944,1.0,0.0,0.0,0.0,0.0,1.0,1.0,21.4
38,1.15172,38.14,0.538,5.701,95.0,3.8,3.67,3.96,3.72,19.0,18.35,8.362,15.1048,25.0,0.057017179,0.0,1.0,0.0,0.0,1.0,0.0,1.0,13.1
39,0.18337,57.74,0.609,5.414,98.3,2.08,1.53,1.94,1.48,19.9,23.97,9.84,15.056,29.0,0.065888635,1.0,0.0,0.0,0.0,1.0,0.0,1.0,7.0
40,0.88125,51.89,0.624,5.637,94.7,2.3,1.88,2.1,1.65,18.8,18.34,7.886,10.1144,30.0,0.058060503,0.0,1.0,1.0,0.0,0.0,0.0,1.0,14.3
41,0.03049,33.78,0.484,6.874,28.1,6.71,6.18,6.67,6.3,22.4,4.61,10.624,11.2496,23.0,0.046382519,1.0,0.0,0.0,0.0,0.0,1.0,1.0,31.2
42,0.06911,33.44,0.437,6.739,30.8,6.71,6.42,6.74,6.05,24.8,4.69,8.81,11.244,40.0,0.038316195,1.0,0.0,0.0,0.0,1.0,0.0,1.0,30.5
43,0.85204,38.14,0.538,5.965,89.2,4.11,3.72,4.34,3.88,19.0,13.83,9.192,14.1568,23.0,0.054040555,0.0,1.0,0.0,0.0,1.0,0.0,1.0,19.6
44,9.2323,48.1,0.631,6.216,100.0,1.38,0.95,1.36,0.99,19.8,9.53,9.8,13.4,25.0,0.060880135,0.0,1.0,0.0,0.0,1.0,0.0,1.0,50.0
45,0.1146,36.96,0.464,6.538,58.7,4.01,3.63,4.12,3.91,21.4,7.73,8.488,13.1952,40.0,0.043963559,0.0,1.0,0.0,0.0,0.0,1.0,1.0,24.4
46,0.09849,55.65,0.581,5.879,95.8,2.21,1.74,2.2,1.88,20.9,17.58,6.276,13.1504,56.0,0.062119064,1.0,0.0,0.0,0.0,0.0,1.0,1.0,18.8
47,0.06642,34.05,0.51,6.86,74.4,3.19,2.75,3.21,2.5,23.4,6.92,5.898,11.2392,28.0,0.054717152,1.0,0.0,0.0,0.0,1.0,0.0,1.0,29.9
48,9.92485,48.1,0.74,6.251,96.6,2.51,2.01,2.23,2.04,19.8,16.44,9.752,11.1008,37.0,0.064950729,0.0,1.0,0.0,0.0,1.0,0.0,1.0,12.6
49,0.06129,33.33,0.4429,7.645,49.7,5.46,4.94,5.43,5.01,25.1,3.01,8.72,12.368,25.0,0.05114129,0.0,1.0,1.0,0.0,0.0,0.0,1.0,46.0
50,5.82115,48.1,0.713,6.513,89.9,3.06,2.61,2.84,2.7,19.8,10.29,8.804,15.1616,30.0,0.075168226,0.0,1.0,0.0,0.0,1.0,0.0,1.0,20.2
51,0.09512,42.83,0.437,6.286,45.0,4.83,4.5,4.83,3.86,21.3,8.94,6.028,10.1712,28.0,0.038144597,1.0,0.0,0.0,0.0,1.0,0.0,1.0,21.4
52,10.233,48.1,0.614,6.185,96.7,2.29,1.98,2.36,2.05,19.8,18.03,5.292,15.1168,60.0,0.065217793,0.0,1.0,1.0,0.0,0.0,0.0,1.0,14.6
53,0.0315,31.47,0.403,6.975,15.3,7.97,7.52,7.78,7.34,23.0,4.56,7.998,13.2792,24.0,0.041283982,0.0,1.0,0.0,0.0,1.0,0.0,1.0,34.9
54,0.05059,34.49,0.449,6.389,48.0,4.97,4.71,4.99,4.45,21.5,9.62,6.678,14.1912,23.0,0.042125262,1.0,0.0,1.0,0.0,0.0,0.0,1.0,23.9
55,5.29305,48.1,0.7,6.051,82.5,2.17,1.91,2.48,2.12,19.8,18.76,9.664,10.1856,53.0,0.061832936,0.0,1.0,0.0,0.0,0.0,1.0,1.0,23.2
56,0.22438,39.69,0.585,6.027,79.7,2.64,2.47,2.82,2.06,20.8,14.33,6.236,14.1344,54.0,0.052497379,1.0,0.0,1.0,0.0,0.0,0.0,1.0,16.8
57,0.38735,55.65,0.581,5.613,95.6,1.93,1.52,1.8,1.77,20.9,27.26,7.714,10.1256,42.0,0.063462127,1.0,0.0,1.0,0.0,0.0,0.0,1.0,15.7
58,2.37857,48.1,0.583,5.871,41.9,3.93,3.56,3.77,3.63,19.8,13.34,8.112,12.1648,31.0,0.060860495,0.0,1.0,1.0,0.0,0.0,0.0,1.0,20.6
59,0.41238,36.2,0.504,7.163,79.9,3.31,3.12,3.28,3.16,22.6,6.36,6.332,10.2528,34.0,0.054049996,1.0,0.0,0.0,0.0,0.0,1.0,1.0,31.6
60,5.70818,48.1,0.532,6.75,74.9,3.44,3.26,3.38,3.24,19.8,7.74,6.974,15.1896,46.0,0.046987414,1.0,0.0,0.0,0.0,1.0,0.0,1.0,23.7
61,7.40389,48.1,0.597,5.617,97.9,1.53,1.35,1.57,1.37,19.8,26.4,6.444,12.1376,25.0,0.052765327,1.0,0.0,0.0,0.0,0.0,1.0,1.0,17.2
62,0.01951,31.38,0.4161,7.104,59.5,9.44,9.09,9.37,8.99,21.4,8.05,8.26,10.264,30.0,0.038988656,0.0,1.0,0.0,1.0,0.0,0.0,1.0,33.0
63,0.02985,32.18,0.458,6.43,58.7,6.22,5.8,6.23,5.99,21.3,5.21,7.174,14.2296,53.0,0.045909647,0.0,1.0,0.0,0.0,1.0,0.0,1.0,28.7
64,3.69695,48.1,0.718,4.963,91.4,2.08,1.55,1.86,1.51,19.8,14.0,10.238,14.1752,58.0,0.075653918,1.0,0.0,1.0,0.0,0.0,0.0,1.0,21.9
65,0.16211,36.96,0.464,6.24,16.3,4.56,4.37,4.69,4.1,21.4,6.59,6.604,10.2016,25.0,0.043394822,1.0,0.0,0.0,0.0,0.0,1.0,1.0,25.2
66,0.10659,31.91,0.413,5.936,19.5,10.82,10.5,10.62,10.4,18.0,5.57,9.312,13.1648,53.0,0.044335025,1.0,0.0,0.0,0.0,0.0,1.0,1.0,20.6
67,0.25915,51.89,0.624,5.693,96.0,2.09,1.73,1.84,1.49,18.8,17.19,5.924,15.1296,31.0,0.056659877,0.0,1.0,0.0,0.0,1.0,0.0,1.0,16.2
68,0.07013,43.89,0.55,6.642,85.1,3.52,3.19,3.69,3.28,23.6,9.69,9.274,14.2296,23.0,0.048611305,1.0,0.0,0.0,0.0,1.0,0.0,1.0,28.7
69,0.01096,32.25,0.389,6.453,31.9,7.33,7.11,7.48,7.31,24.7,8.23,10.44,14.176,55.0,0.034687927,0.0,1.0,0.0,0.0,1.0,0.0,1.0,22.0
70,0.05497,35.19,0.515,5.985,45.4,4.89,4.64,5.05,4.67,19.8,9.74,6.38,11.152,28.0,0.04769962,1.0,0.0,1.0,0.0,0.0,0.0,1.0,19.0
71,0.0837,33.44,0.437,7.185,38.9,4.83,4.43,4.68,4.33,24.8,5.39,9.298,14.2792,20.0,0.04637912,1.0,0.0,0.0,0.0,0.0,1.0,1.0,34.9
72,0.04113,34.86,0.426,6.727,33.5,5.5,5.28,5.4,5.42,21.0,5.29,6.46,14.224,54.0,0.037354248,0.0,1.0,1.0,0.0,0.0,0.0,1.0,28.0
73,0.06724,33.24,0.46,6.333,17.2,5.36,5.08,5.45,4.97,23.1,7.34,5.552,14.1808,53.0,0.045171644,1.0,0.0,0.0,0.0,1.0,0.0,1.0,22.6
74,0.08447,34.05,0.51,5.859,68.7,2.84,2.7,3.03,2.24,23.4,9.64,9.752,15.1808,35.0,0.052971979,0.0,1.0,0.0,0.0,0.0,1.0,1.0,22.6
75,8.98296,48.1,0.77,6.212,97.4,2.16,1.81,2.43,2.09,19.8,17.6,5.956,14.1424,39.0,0.077295155,1.0,0.0,0.0,0.0,1.0,0.0,1.0,17.8
76,0.44791,36.2,0.507,6.726,66.5,3.67,3.38,3.97,3.59,22.6,8.05,9.88,13.232,32.0,0.044080596,0.0,1.0,0.0,0.0,0.0,1.0,1.0,29.0
77,0.17142,36.91,0.448,5.682,33.8,5.23,4.95,5.21,5.02,22.1,10.21,8.086,11.1544,21.0,0.044495948,1.0,0.0,0.0,0.0,0.0,1.0,1.0,19.3
78,0.09068,33.44,0.437,6.951,21.5,6.54,6.36,6.71,6.31,24.8,5.1,6.16,11.264,55.0,0.050923075,1.0,0.0,0.0,0.0,1.0,0.0,1.0,33.0
79,9.72418,48.1,0.74,6.406,97.2,2.33,1.97,2.16,1.81,19.8,19.52,9.242,15.1368,58.0,0.077408024,0.0,1.0,0.0,1.0,0.0,0.0,1.0,17.1
80,0.07244,31.69,0.411,5.884,18.5,10.83,10.55,10.97,10.5,21.7,7.79,7.372,11.1488,50.0,0.039638648,0.0,1.0,0.0,0.0,0.0,1.0,1.0,18.6
81,0.76162,33.97,0.647,5.56,62.8,2.1,1.97,2.06,1.81,27.0,10.45,7.456,13.1824,59.0,0.058891324,1.0,0.0,0.0,0.0,1.0,0.0,1.0,22.8
82,0.04544,33.24,0.46,6.144,32.2,6.02,5.55,5.9,6.03,23.1,9.09,9.396,11.1584,26.0,0.043030882,1.0,0.0,0.0,0.0,0.0,1.0,1.0,19.8
83,0.95577,38.14,0.538,6.047,88.8,4.5,4.4,4.6,4.31,19.0,17.28,8.696,13.1184,20.0,0.048746294,0.0,1.0,1.0,0.0,0.0,0.0,1.0,14.8
84,0.10793,38.56,0.52,6.195,54.4,3.05,2.6,3.04,2.42,19.1,13.0,6.934,10.1736,37.0,0.045227306,0.0,1.0,0.0,0.0,1.0,0.0,1.0,21.7
85,1.34284,49.58,0.605,6.066,100.0,1.96,1.54,1.9,1.63,25.3,6.43,8.886,13.1944,46.0,0.055598528,1.0,0.0,0.0,0.0,0.0,1.0,1.0,24.3
86,0.5405,33.97,0.575,7.47,52.6,3.17,2.62,2.98,2.71,27.0,3.16,9.07,15.348,43.0,0.050390185,1.0,0.0,1.0,0.0,0.0,0.0,1.0,43.5
87,0.07165,55.65,0.581,6.004,84.1,2.44,1.96,2.37,2.02,20.9,14.27,9.706,10.1624,39.0,0.056765616,0.0,1.0,0.0,1.0,0.0,0.0,1.0,20.3
88,0.09266,36.09,0.433,6.495,18.4,5.8,5.2,5.68,5.28,23.9,8.67,7.928,11.2112,42.0,0.03726343,0.0,1.0,0.0,1.0,0.0,0.0,1.0,26.4
89,12.0482,48.1,0.614,5.648,87.6,2.13,1.94,2.2,1.54,19.8,14.1,8.916,11.1664,36.0,0.058066317,1.0,0.0,0.0,0.0,1.0,0.0,1.0,20.8
90,18.4982,48.1,0.668,4.138,100.0,1.46,1.04,1.15,0.9,19.8,37.97,7.076,13.1104,35.0,0.071138748,1.0,0.0,1.0,0.0,0.0,0.0,1.0,13.8
91,5.09017,48.1,0.713,6.297,91.8,2.48,2.26,2.37,2.36,19.8,17.27,6.722,15.1288,21.0,0.064521583,1.0,0.0,0.0,0.0,1.0,0.0,1.0,16.1
92,0.46296,36.2,0.504,7.412,76.9,3.88,3.34,3.87,3.6,22.6,5.25,6.734,10.2536,26.0,0.05392758,0.0,1.0,0.0,0.0,1.0,0.0,1.0,31.7
93,0.97617,51.89,0.624,5.757,98.4,2.35,2.28,2.53,2.23,18.8,17.31,9.012,11.1248,32.0,0.064571272,1.0,0.0,0.0,1.0,0.0,0.0,1.0,15.6
94,0.25387,36.91,0.448,5.399,95.3,5.98,5.68,5.96,5.86,22.1,30.81,7.088,14.1152,34.0,0.042666167,1.0,0.0,0.0,0.0,1.0,0.0,1.0,14.4
95,67.9208,48.1,0.693,5.683,100.0,1.53,1.19,1.44,1.54,19.8,22.98,7.3,14.04,38.0,0.065307953,0.0,1.0,0.0,0.0,0.0,1.0,1.0,5.0
96,6.53876,48.1,0.631,7.016,97.5,1.4,0.92,1.2,1.28,19.8,2.96,10.1,12.4,46.0,0.05922939,0.0,1.0,0.0,0.0,1.0,0.0,1.0,50.0
97,4.81213,48.1,0.713,6.701,90.0,2.9,2.38,2.63,2.48,19.8,16.42,9.428,12.1312,29.0,0.060878559,0.0,1.0,0.0,0.0,0.0,1.0,1.0,16.4
98,0.43571,40.59,0.489,5.344,100.0,3.95,3.86,4.14,3.55,21.4,23.09,7.9,13.16,60.0,0.056197535,1.0,0.0,0.0,0.0,1.0,0.0,1.0,20.0
99,0.15086,57.74,0.609,5.454,92.7,2.1,1.57,1.96,1.65,19.9,18.06,6.004,14.1216,28.0,0.060475976,1.0,0.0,0.0,0.0,1.0,0.0,1.0,15.2
100,0.05083,35.19,0.515,6.316,38.1,6.76,6.2,6.53,6.34,19.8,5.68,9.144,11.1776,34.0,0.049894824,1.0,0.0,0.0,0.0,1.0,0.0,1.0,22.2
101,0.52058,36.2,0.507,6.631,76.5,4.46,3.9,4.2,4.03,22.6,9.54,9.402,15.2008,36.0,0.046360973,0.0,1.0,0.0,1.0,0.0,0.0,1.0,25.1
102,0.15098,40.01,0.547,6.021,82.6,2.77,2.49,2.92,2.81,22.2,10.3,9.484,15.1536,28.0,0.060808694,1.0,0.0,0.0,1.0,0.0,0.0,1.0,19.2
103,0.09604,36.41,0.447,6.854,42.8,4.28,4.1,4.54,4.15,22.4,2.98,8.84,12.256,23.0,0.038411883,0.0,1.0,0.0,0.0,0.0,1.0,1.0,32.0
104,0.62739,38.14,0.538,5.834,56.5,4.6,4.35,4.72,4.32,19.0,8.47,8.498,14.1592,28.0,0.059750758,0.0,1.0,0.0,0.0,0.0,1.0,1.0,19.9
105,9.32909,48.1,0.713,6.185,98.7,2.43,2.2,2.37,2.04,19.8,18.13,9.082,13.1128,52.0,0.067950544,0.0,1.0,0.0,0.0,1.0,0.0,1.0,14.1
106,0.14932,35.13,0.453,5.741,66.2,7.33,7.16,7.53,6.88,20.3,13.15,7.974,11.1496,30.0,0.043822595,1.0,0.0,0.0,0.0,0.0,1.0,1.0,18.7
107,7.99248,48.1,0.7,5.52,100.0,1.71,1.33,1.72,1.38,19.8,24.56,6.746,15.0984,41.0,0.070122485,1.0,0.0,1.0,0.0,0.0,0.0,1.0,12.3
108,0.0459,35.32,0.405,6.315,45.6,7.63,7.04,7.46,7.14,23.4,7.6,5.846,12.1784,22.0,0.034847434,1.0,0.0,0.0,0.0,0.0,1.0,1.0,22.3
109,0.82526,33.97,0.647,7.327,94.5,2.41,2.02,2.21,1.68,27.0,11.25,5.72,11.248,60.0,0.055456883,0.0,1.0,0.0,0.0,1.0,0.0,1.0,31.0
110,0.19657,35.86,0.431,6.226,79.2,8.17,7.99,8.3,7.76,20.9,10.15,9.81,12.164,31.0,0.046513913,1.0,0.0,0.0,0.0,0.0,1.0,1.0,20.5
111,1.42502,49.58,0.871,6.51,100.0,1.84,1.69,1.98,1.56,25.3,7.39,7.166,12.1864,36.0,0.076488584,0.0,1.0,1.0,0.0,0.0,0.0,1.0,23.3
112,7.05042,48.1,0.614,6.103,85.1,2.08,1.8,2.34,1.87,19.8,23.29,8.268,81.12,29.0,0.063343967,1.0,0.0,1.0,0.0,0.0,0.0,1.0,13.4
113,0.84054,38.14,0.538,5.599,85.7,4.69,4.33,4.72,4.08,19.0,16.51,9.378,13.1112,35.0,0.051585152,0.0,1.0,0.0,0.0,0.0,1.0,1.0,13.9
114,0.09178,34.05,0.51,6.416,84.1,2.86,2.57,2.77,2.39,23.4,9.04,9.872,10.1888,59.0,0.053992976,0.0,1.0,0.0,0.0,1.0,0.0,1.0,23.6
115,0.22927,36.91,0.448,6.03,85.5,5.83,5.64,5.75,5.54,22.1,18.8,5.332,12.1328,44.0,0.052566062,0.0,1.0,0.0,0.0,0.0,1.0,1.0,16.6
116,0.03041,35.19,0.515,5.895,59.6,5.86,5.49,5.68,5.43,19.8,10.56,8.27,12.148,21.0,0.056682367,0.0,1.0,0.0,0.0,0.0,1.0,1.0,18.5
117,0.03466,36.06,0.4379,6.031,23.3,6.95,6.58,6.8,6.23,23.1,7.83,7.488,14.1552,22.0,0.051756241,0.0,1.0,0.0,0.0,1.0,0.0,1.0,19.4
118,0.04741,41.93,0.573,6.03,80.8,2.72,2.24,2.64,2.42,19.0,7.88,10.28,10.152,45.0,0.060335899,0.0,1.0,0.0,0.0,1.0,0.0,1.0,19.0
119,0.10328,35.13,0.453,5.927,47.2,7.26,6.68,7.1,6.68,20.3,9.22,6.192,14.1568,20.0,0.045900171,0.0,1.0,0.0,0.0,1.0,0.0,1.0,19.6
120,1.49632,49.58,0.871,5.404,100.0,1.86,1.46,1.77,1.27,25.3,13.28,6.492,11.1568,42.0,0.075318927,1.0,0.0,0.0,0.0,0.0,1.0,1.0,19.6
121,0.0566,33.41,0.489,7.007,86.3,3.5,3.09,3.44,3.65,22.2,5.5,6.972,10.1888,28.0,0.04554757,1.0,0.0,0.0,0.0,0.0,1.0,1.0,23.6
122,11.9511,48.1,0.659,5.608,100.0,1.46,1.08,1.39,1.22,19.8,12.13,6.658,13.2232,26.0,0.067194873,0.0,1.0,0.0,0.0,0.0,1.0,1.0,27.9
123,4.64689,48.1,0.614,6.98,67.6,2.77,2.35,2.54,2.47,19.8,11.66,7.396,15.2384,56.0,0.062915696,0.0,1.0,0.0,1.0,0.0,0.0,1.0,29.8
124,1.46336,49.58,0.605,7.489,90.8,2.17,1.89,2.13,1.69,25.3,1.73,10.5,11.4,35.0,0.053896795,0.0,1.0,0.0,0.0,1.0,0.0,1.0,50.0
125,0.03113,34.39,0.442,6.014,48.5,8.24,7.91,8.23,7.67,21.2,10.53,7.15,13.14,26.0,0.050677119,0.0,1.0,1.0,0.0,0.0,0.0,1.0,17.5
126,0.14103,43.92,0.437,5.79,58.0,6.56,6.3,6.35,6.07,24.0,15.84,7.606,11.1624,42.0,0.052079028,0.0,1.0,0.0,0.0,1.0,0.0,1.0,20.3
127,0.05515,32.18,0.472,7.236,41.1,4.1,3.96,4.09,3.94,21.6,6.93,6.922,10.2888,55.0,0.052321498,1.0,0.0,0.0,0.0,0.0,1.0,1.0,36.1
128,3.8497,48.1,0.77,6.395,91.0,2.83,2.45,2.62,2.12,19.8,13.27,7.034,13.1736,56.0,0.075544099,1.0,0.0,1.0,0.0,0.0,0.0,1.0,21.7
129,12.8023,48.1,0.74,5.854,96.6,1.93,1.79,2.07,1.8,19.8,23.79,5.516,12.0864,34.0,0.065304838,1.0,0.0,0.0,1.0,0.0,0.0,1.0,10.8
130,0.40202,39.9,0.544,6.382,67.2,3.8,3.35,3.58,3.4,21.6,10.36,5.562,10.1848,53.0,0.051488997,1.0,0.0,0.0,0.0,1.0,0.0,1.0,23.1
131,13.5222,48.1,0.631,3.863,100.0,1.53,1.39,1.54,1.57,19.8,13.33,9.962,11.1848,24.0,0.055889023,1.0,0.0,1.0,0.0,0.0,0.0,1.0,23.1
132,0.10612,34.93,0.428,6.095,65.1,6.43,6.08,6.63,6.2,23.4,12.4,8.302,13.1608,41.0,0.039667516,1.0,0.0,0.0,0.0,1.0,0.0,1.0,20.1
133,0.59005,51.89,0.624,6.372,97.9,2.41,2.16,2.4,2.34,18.8,11.12,8.96,12.184,57.0,0.05495705,0.0,1.0,0.0,1.0,0.0,0.0,1.0,23.0
134,2.36862,49.58,0.871,4.926,95.7,1.77,1.36,1.66,1.05,25.3,29.53,6.892,11.1168,24.0,0.079946625,1.0,0.0,0.0,0.0,1.0,0.0,1.0,14.6
135,0.67191,38.14,0.538,5.813,90.3,4.94,4.59,4.71,4.49,19.0,14.81,9.732,12.1328,59.0,0.04753336,1.0,0.0,1.0,0.0,0.0,0.0,1.0,16.6
136,0.0686,32.89,0.445,7.416,62.5,3.83,3.36,3.67,3.13,22.0,6.19,6.564,13.2656,31.0,0.050933645,1.0,0.0,0.0,0.0,0.0,1.0,1.0,33.2
137,0.06417,35.96,0.499,5.933,68.2,3.69,3.27,3.54,2.94,20.8,9.68,9.478,11.1512,43.0,0.052911735,0.0,1.0,0.0,0.0,0.0,1.0,1.0,18.9
138,20.7162,48.1,0.659,4.138,100.0,1.46,1.01,1.4,0.84,19.8,23.34,8.538,14.0952,53.0,0.061901185,0.0,1.0,0.0,0.0,0.0,1.0,1.0,11.9
139,0.02763,32.95,0.428,6.595,21.8,5.65,5.35,5.55,5.05,21.7,4.32,6.916,12.2464,49.0,0.045051199,0.0,1.0,0.0,0.0,0.0,1.0,1.0,30.8
140,0.61154,33.97,0.647,8.704,86.9,2.09,1.53,1.83,1.76,27.0,5.12,8.6,11.4,54.0,0.055193191,0.0,1.0,0.0,0.0,0.0,1.0,1.0,50.0
141,0.34109,37.38,0.493,6.415,40.1,5.0,4.5,5.02,4.36,20.4,6.12,8.6,15.2,52.0,0.047326766,1.0,0.0,0.0,0.0,0.0,1.0,1.0,25.0
142,0.19186,37.38,0.493,6.431,14.7,5.51,5.1,5.57,5.49,20.4,5.08,7.992,15.1968,45.0,0.045302946,1.0,0.0,0.0,0.0,1.0,0.0,1.0,24.6
143,9.18702,48.1,0.7,5.536,100.0,1.9,1.55,1.72,1.14,19.8,23.6,8.226,11.0904,46.0,0.060649594,0.0,1.0,0.0,0.0,0.0,1.0,1.0,11.3
144,0.33147,36.2,0.507,8.247,70.4,3.82,3.49,3.74,3.55,22.6,3.95,9.066,11.3864,23.0,0.050358562,0.0,1.0,0.0,0.0,1.0,0.0,1.0,48.3
145,0.22489,37.87,0.524,6.377,94.3,6.65,6.31,6.55,5.88,24.8,20.45,6.0,11.12,29.0,0.057775258,1.0,0.0,1.0,0.0,0.0,0.0,1.0,15.0
146,0.08265,43.92,0.437,6.127,18.4,5.76,5.39,5.67,5.2,24.0,8.58,7.278,14.1912,46.0,0.04846407,0.0,1.0,0.0,0.0,0.0,1.0,1.0,23.9
147,0.04819,33.64,0.392,6.108,32.0,9.39,9.01,9.31,9.16,23.6,6.57,6.538,12.1752,56.0,0.036968617,1.0,0.0,0.0,0.0,0.0,1.0,1.0,21.9
148,0.65665,33.97,0.647,6.842,100.0,2.2,1.82,2.32,1.71,27.0,6.9,7.302,11.2408,40.0,0.0598956,0.0,1.0,0.0,0.0,0.0,1.0,1.0,30.1
149,11.1081,48.1,0.668,4.906,100.0,1.48,0.99,1.28,0.95,19.8,34.77,6.876,13.1104,56.0,0.061022409,0.0,1.0,0.0,0.0,1.0,0.0,1.0,13.8
150,12.2472,48.1,0.584,5.837,59.7,2.27,1.67,2.19,1.86,19.8,15.69,9.104,14.0816,33.0,0.055707938,1.0,0.0,0.0,0.0,1.0,0.0,1.0,10.2
151,0.03584,33.37,0.398,6.29,17.8,6.62,6.43,6.85,6.55,23.9,4.67,9.47,12.188,20.0,0.037495888,1.0,0.0,0.0,0.0,0.0,1.0,1.0,23.5
152,5.66637,48.1,0.74,6.219,100.0,2.08,1.97,2.03,1.94,19.8,16.59,7.096,14.1184,54.0,0.07711596,1.0,0.0,0.0,0.0,0.0,1.0,1.0,14.8
153,3.67367,48.1,0.583,6.312,51.9,4.03,3.85,4.07,4.01,19.8,10.58,9.024,13.1696,51.0,0.049993542,1.0,0.0,0.0,1.0,0.0,0.0,1.0,21.2
154,0.26938,39.9,0.544,6.266,82.8,3.38,2.98,3.41,3.28,21.6,7.9,8.832,14.1728,33.0,0.054245265,0.0,1.0,0.0,0.0,1.0,0.0,1.0,21.6
155,0.02009,32.68,0.4161,8.034,31.9,5.41,4.8,5.28,4.99,25.3,2.88,8.9,15.4,51.0,0.044178168,0.0,1.0,0.0,0.0,0.0,1.0,1.0,50.0
156,0.07875,33.44,0.437,6.782,41.1,3.81,3.7,3.87,3.77,24.8,6.68,7.84,13.256,23.0,0.042225334,0.0,1.0,0.0,0.0,0.0,1.0,1.0,32.0
157,0.32543,51.89,0.624,6.431,98.8,1.96,1.61,1.92,1.77,18.8,15.39,8.16,14.144,41.0,0.056365006,1.0,0.0,0.0,0.0,1.0,0.0,1.0,18.0
158,23.6482,48.1,0.671,6.38,96.2,1.52,1.22,1.53,1.27,19.8,23.69,9.262,14.1048,54.0,0.06315332,0.0,1.0,1.0,0.0,0.0,0.0,1.0,13.1
159,9.59571,48.1,0.693,6.404,100.0,1.66,1.36,1.77,1.76,19.8,20.31,5.442,14.0968,42.0,0.068858839,1.0,0.0,0.0,0.0,0.0,1.0,1.0,12.1
160,19.6091,48.1,0.671,7.313,97.9,1.62,1.31,1.61,0.73,19.8,13.44,8.9,15.12,45.0,0.062426718,1.0,0.0,0.0,0.0,1.0,0.0,1.0,15.0
161,0.05479,32.18,0.472,6.616,58.1,3.63,3.05,3.65,3.15,21.6,8.93,6.568,15.2272,22.0,0.045315188,1.0,0.0,0.0,0.0,1.0,0.0,1.0,28.4
162,0.09065,36.96,0.464,5.92,61.5,4.22,3.63,3.97,3.85,21.4,13.65,10.414,14.1656,29.0,0.052332701,1.0,0.0,0.0,1.0,0.0,0.0,1.0,20.7
163,0.04417,32.24,0.4,6.871,47.4,8.09,7.68,7.89,7.65,25.2,6.07,9.096,11.1984,29.0,0.042859916,0.0,1.0,0.0,0.0,0.0,1.0,1.0,24.8
164,1.38799,38.14,0.538,5.95,82.0,4.01,3.86,4.31,3.79,19.0,27.71,8.764,14.1056,25.0,0.053285159,1.0,0.0,0.0,0.0,0.0,1.0,1.0,13.2
165,0.03615,34.95,0.411,6.63,23.4,5.25,5.04,5.37,4.81,20.8,4.7,8.458,12.2232,37.0,0.038906315,1.0,0.0,0.0,0.0,0.0,1.0,1.0,27.9
166,0.15038,55.65,0.581,5.856,97.0,2.22,1.82,2.07,1.67,20.9,25.41,9.146,10.1384,51.0,0.052355372,0.0,1.0,1.0,0.0,0.0,0.0,1.0,17.3
167,5.82401,48.1,0.532,6.242,64.7,3.48,3.38,3.72,3.11,19.8,10.74,8.56,13.184,22.0,0.046089256,1.0,0.0,0.0,0.0,0.0,1.0,1.0,23.0
168,0.15876,40.81,0.413,5.961,17.5,5.44,5.2,5.42,5.09,20.8,9.88,10.034,13.1736,46.0,0.039985354,1.0,0.0,0.0,1.0,0.0,0.0,1.0,21.7
169,28.6558,48.1,0.597,5.155,100.0,1.84,1.37,1.61,1.53,19.8,20.08,6.626,14.1304,58.0,0.055800358,1.0,0.0,0.0,0.0,0.0,1.0,1.0,16.3
170,4.34879,48.1,0.58,6.167,84.0,3.22,2.97,3.06,2.89,19.8,16.29,5.598,12.1592,36.0,0.063720531,1.0,0.0,0.0,0.0,0.0,1.0,1.0,19.9
171,0.17134,40.01,0.547,5.928,88.2,2.56,2.41,2.72,2.16,22.2,15.76,7.566,11.1464,24.0,0.053824188,1.0,0.0,0.0,0.0,1.0,0.0,1.0,18.3
172,0.26838,39.69,0.585,5.794,70.6,3.04,2.59,3.06,2.88,20.8,14.1,5.366,14.1464,55.0,0.057946368,0.0,1.0,1.0,0.0,0.0,0.0,1.0,18.3
173,0.05735,34.49,0.449,6.63,56.1,4.75,4.15,4.49,4.37,21.5,6.53,9.732,12.2128,56.0,0.052065566,1.0,0.0,0.0,0.0,0.0,1.0,1.0,26.6
174,0.03445,32.03,0.415,6.162,38.4,6.4,6.07,6.4,6.22,25.3,7.43,7.782,12.1928,32.0,0.041438068,0.0,1.0,0.0,0.0,0.0,1.0,1.0,24.1
175,2.24236,49.58,0.605,5.854,91.8,2.71,2.39,2.49,2.1,25.3,11.64,8.354,15.1816,56.0,0.065833104,0.0,1.0,1.0,0.0,0.0,0.0,1.0,22.7
176,0.0536,35.64,0.439,6.511,21.1,7.02,6.76,7.12,6.37,23.2,5.28,9.9,14.2,56.0,0.046151955,1.0,0.0,0.0,0.0,0.0,1.0,1.0,25.0
177,0.54452,51.89,0.624,6.151,97.9,1.91,1.59,1.68,1.49,18.8,18.46,8.656,10.1424,29.0,0.059113982,0.0,1.0,1.0,0.0,0.0,0.0,1.0,17.8
178,14.0507,48.1,0.597,6.657,100.0,1.56,1.41,1.66,1.48,19.8,21.22,9.644,14.1376,44.0,0.055100907,1.0,0.0,0.0,0.0,1.0,0.0,1.0,17.2
179,1.83377,49.58,0.605,7.802,98.2,2.26,1.76,2.11,2.04,25.3,1.92,8.4,12.4,22.0,0.055681854,0.0,1.0,1.0,0.0,0.0,0.0,1.0,50.0
180,0.05425,34.05,0.51,6.315,73.4,3.35,3.28,3.41,3.24,23.4,6.29,7.092,14.1968,31.0,0.047376831,0.0,1.0,1.0,0.0,0.0,0.0,1.0,24.6
181,0.47547,39.9,0.544,6.113,58.8,4.07,3.86,4.24,3.84,21.6,12.73,10.32,12.168,36.0,0.054127891,1.0,0.0,0.0,1.0,0.0,0.0,1.0,21.0
182,25.9406,48.1,0.679,5.304,89.1,1.73,1.39,1.81,1.67,19.8,26.64,8.608,15.0832,60.0,0.058834904,0.0,1.0,0.0,1.0,0.0,0.0,1.0,10.4
183,11.8123,48.1,0.718,6.824,76.5,2.05,1.79,2.08,1.25,19.8,22.74,5.968,13.0672,26.0,0.063264165,1.0,0.0,0.0,0.0,1.0,0.0,1.0,8.4
184,0.66351,33.97,0.647,7.333,100.0,2.2,1.74,2.02,1.61,27.0,7.79,8.02,15.288,58.0,0.060092539,0.0,1.0,0.0,0.0,0.0,1.0,1.0,36.0
185,0.22212,40.01,0.547,6.092,95.4,2.59,2.25,2.55,2.8,22.2,17.09,10.074,10.1496,59.0,0.060331195,0.0,1.0,0.0,0.0,0.0,1.0,1.0,18.7
186,0.13587,40.59,0.489,6.064,59.1,4.3,3.99,4.55,4.12,21.4,14.66,6.888,14.1952,31.0,0.044689385,0.0,1.0,0.0,0.0,1.0,0.0,1.0,24.4
187,0.12329,40.01,0.547,5.913,92.9,2.55,2.23,2.56,2.07,22.2,16.21,8.044,15.1504,35.0,0.057643674,0.0,1.0,0.0,0.0,0.0,1.0,1.0,18.8
188,0.33983,35.86,0.431,6.108,34.9,8.37,7.78,8.38,7.69,20.9,9.16,7.086,11.1944,25.0,0.048857201,0.0,1.0,0.0,0.0,1.0,0.0,1.0,24.3
189,0.16439,35.86,0.431,6.433,49.1,8.05,7.74,7.89,7.63,20.9,9.52,8.39,15.196,43.0,0.049388751,0.0,1.0,0.0,0.0,0.0,1.0,1.0,24.5
190,0.1415,36.91,0.448,6.169,6.6,5.93,5.46,5.88,5.62,22.1,5.81,8.106,15.2024,52.0,0.041829995,1.0,0.0,0.0,0.0,0.0,1.0,1.0,25.3
191,0.03551,34.86,0.426,6.167,46.7,5.52,5.18,5.67,5.23,21.0,7.51,7.558,10.1832,34.0,0.040448628,0.0,1.0,1.0,0.0,0.0,0.0,1.0,22.9
192,22.5971,48.1,0.7,5.0,89.5,1.79,1.48,1.77,1.04,19.8,31.99,8.348,15.0592,54.0,0.061626983,1.0,0.0,0.0,1.0,0.0,0.0,1.0,7.4
193,0.03306,35.19,0.515,6.059,37.3,4.91,4.52,5.07,4.75,19.8,8.51,8.112,14.1648,26.0,0.053459545,0.0,1.0,0.0,0.0,0.0,1.0,1.0,20.6
194,38.3518,48.1,0.693,5.453,100.0,1.57,1.26,1.79,1.34,19.8,30.59,9.3,13.04,26.0,0.065253151,1.0,0.0,1.0,0.0,0.0,0.0,1.0,5.0
195,13.6781,48.1,0.74,5.935,87.9,1.85,1.61,1.87,1.95,19.8,34.02,9.568,14.0672,57.0,0.071117798,0.0,1.0,0.0,0.0,1.0,0.0,1.0,8.4
196,3.69311,48.1,0.713,6.376,88.4,2.82,2.23,2.59,2.62,19.8,14.65,9.854,13.1416,24.0,0.062928764,0.0,1.0,0.0,0.0,1.0,0.0,1.0,17.7
197,3.1636,48.1,0.655,5.759,48.2,3.26,2.81,3.27,2.92,19.8,14.13,9.998,12.1592,43.0,0.065980125,1.0,0.0,0.0,0.0,1.0,0.0,1.0,19.9
198,8.79212,48.1,0.584,5.565,70.6,2.26,1.99,2.38,1.63,19.8,17.16,7.834,11.0936,57.0,0.063779016,1.0,0.0,0.0,0.0,1.0,0.0,1.0,11.7
199,0.1029,34.93,0.428,6.358,52.9,7.11,6.81,7.19,7.03,23.4,11.22,6.044,10.1776,42.0,0.041118808,0.0,1.0,0.0,0.0,0.0,1.0,1.0,22.2
200,0.0578,32.46,0.488,6.98,58.4,3.11,2.55,2.84,2.82,22.2,5.04,9.744,11.2976,50.0,0.045500586,1.0,0.0,1.0,0.0,0.0,0.0,1.0,37.2
201,0.07151,34.49,0.449,6.121,56.8,3.93,3.74,3.84,3.48,21.5,8.44,7.244,12.1776,43.0,0.050998564,0.0,1.0,0.0,0.0,1.0,0.0,1.0,22.2
202,0.07978,36.41,0.447,6.482,32.1,4.22,4.08,4.4,3.85,22.4,7.19,6.282,10.2328,38.0,0.047733893,0.0,1.0,0.0,0.0,0.0,1.0,1.0,29.1
203,5.44114,48.1,0.713,6.655,98.2,2.51,2.23,2.65,2.03,19.8,17.73,8.104,11.1216,41.0,0.061385953,0.0,1.0,0.0,0.0,1.0,0.0,1.0,15.2
204,0.11432,38.56,0.52,6.781,71.3,3.15,2.74,3.12,2.42,19.1,7.67,7.23,10.212,58.0,0.0444151,0.0,1.0,0.0,0.0,0.0,1.0,1.0,26.5
205,0.11747,37.87,0.524,6.009,82.9,6.27,5.93,6.51,6.19,24.8,13.27,9.278,13.1512,23.0,0.055236508,1.0,0.0,0.0,1.0,0.0,0.0,1.0,18.9
206,15.288,48.1,0.671,6.649,93.3,1.65,1.11,1.37,1.25,19.8,23.24,9.478,15.1112,26.0,0.070452383,0.0,1.0,0.0,0.0,1.0,0.0,1.0,13.9
207,4.83567,48.1,0.583,5.905,53.2,3.36,2.85,3.16,3.23,19.8,11.45,8.412,11.1648,44.0,0.062054499,1.0,0.0,0.0,0.0,1.0,0.0,1.0,20.6
208,0.01439,32.93,0.401,6.604,18.8,6.51,6.03,6.46,5.88,24.4,4.38,9.282,14.2328,59.0,0.04883319,1.0,0.0,0.0,0.0,0.0,1.0,1.0,29.1
209,0.03705,33.33,0.4429,6.968,37.2,5.55,4.92,5.57,4.94,25.1,4.59,8.508,14.2832,48.0,0.042131214,0.0,1.0,0.0,0.0,1.0,0.0,1.0,35.4
210,0.04462,34.86,0.426,6.619,70.4,5.71,5.11,5.71,5.08,21.0,7.22,5.578,12.1912,49.0,0.050032616,0.0,1.0,1.0,0.0,0.0,0.0,1.0,23.9
211,3.56868,48.1,0.58,6.437,75.0,3.04,2.63,3.01,2.9,19.8,14.36,8.464,15.1856,39.0,0.063409461,0.0,1.0,0.0,1.0,0.0,0.0,1.0,23.2
212,0.03659,34.86,0.426,6.302,32.2,5.53,5.19,5.47,5.42,21.0,6.72,6.096,10.1984,20.0,0.04682196,1.0,0.0,0.0,0.0,0.0,1.0,1.0,24.8
213,2.44668,49.58,0.871,5.272,94.0,1.99,1.71,1.85,1.39,25.3,16.14,6.362,10.1048,60.0,0.074884947,1.0,0.0,0.0,0.0,0.0,1.0,1.0,13.1
214,8.24809,48.1,0.713,7.393,99.3,2.77,2.31,2.64,2.09,19.8,16.74,5.956,11.1424,42.0,0.069112577,0.0,1.0,0.0,0.0,0.0,1.0,1.0,17.8
215,10.6718,48.1,0.74,6.459,94.8,2.2,1.7,2.01,2.04,19.8,23.98,5.336,12.0944,28.0,0.076180913,0.0,1.0,0.0,0.0,0.0,1.0,1.0,11.8
216,0.07896,42.83,0.437,6.273,6.0,4.54,3.95,4.57,3.95,21.3,6.78,7.882,10.1928,40.0,0.038894328,1.0,0.0,0.0,0.0,0.0,1.0,1.0,24.1
217,0.31533,36.2,0.504,8.266,78.3,2.96,2.73,3.13,2.76,22.6,4.14,6.796,12.3584,47.0,0.056999654,0.0,1.0,1.0,0.0,0.0,0.0,1.0,44.8
218,6.39312,48.1,0.584,6.162,97.4,2.5,2.17,2.5,1.65,19.8,24.1,9.066,11.1064,27.0,0.063035421,0.0,1.0,1.0,0.0,0.0,0.0,1.0,13.3
219,0.11069,43.89,0.55,5.951,93.8,2.92,2.88,3.08,2.68,23.6,17.92,8.73,14.172,49.0,0.048031734,0.0,1.0,0.0,0.0,1.0,0.0,1.0,21.5
220,8.71675,48.1,0.693,6.471,98.8,2.04,1.48,1.83,1.55,19.8,17.12,5.762,15.1048,29.0,0.071121639,1.0,0.0,0.0,1.0,0.0,0.0,1.0,13.1
221,2.37934,49.58,0.871,6.13,100.0,1.69,1.26,1.72,1.01,25.3,27.8,7.776,10.1104,59.0,0.084516058,0.0,1.0,0.0,0.0,0.0,1.0,1.0,13.8
222,18.811,48.1,0.597,4.628,100.0,1.77,1.54,1.78,1.13,19.8,34.37,8.358,15.1432,40.0,0.058674621,1.0,0.0,0.0,0.0,1.0,0.0,1.0,17.9
223,0.34006,51.89,0.624,6.458,98.9,2.37,1.93,2.36,1.81,18.8,12.6,8.984,13.1536,25.0,0.066273177,0.0,1.0,0.0,0.0,1.0,0.0,1.0,19.2
224,6.71772,48.1,0.713,6.749,92.6,2.4,2.11,2.37,2.4,19.8,17.44,9.068,13.1072,59.0,0.06132192,0.0,1.0,1.0,0.0,0.0,0.0,1.0,13.4
225,9.51363,48.1,0.713,6.728,94.1,2.5,2.2,2.75,2.54,19.8,18.71,5.888,14.1152,34.0,0.066068471,1.0,0.0,0.0,0.0,0.0,1.0,1.0,14.4
226,7.83932,48.1,0.655,6.209,65.4,3.16,2.88,3.1,2.72,19.8,13.22,7.828,11.1712,55.0,0.057674333,1.0,0.0,0.0,1.0,0.0,0.0,1.0,21.4
227,0.17446,40.59,0.489,5.96,92.1,3.91,3.63,3.96,4.0,21.4,17.27,8.034,12.1736,36.0,0.044598056,0.0,1.0,0.0,0.0,1.0,0.0,1.0,21.7
228,0.00906,32.97,0.4,7.088,20.8,7.44,7.0,7.64,7.15,24.7,7.85,7.844,12.2576,30.0,0.042339768,0.0,1.0,0.0,1.0,0.0,0.0,1.0,32.2
229,0.75026,38.14,0.538,5.924,94.1,4.69,4.07,4.72,4.12,19.0,16.3,8.212,13.1248,27.0,0.050109252,0.0,1.0,1.0,0.0,0.0,0.0,1.0,15.6
230,2.3004,49.58,0.605,6.319,96.1,2.29,2.04,2.24,1.83,25.3,11.1,6.676,11.1904,23.0,0.066262309,1.0,0.0,0.0,0.0,1.0,0.0,1.0,23.8
231,2.33099,49.58,0.871,5.186,93.8,1.58,1.23,1.6,1.72,25.3,28.32,9.856,14.1424,43.0,0.08378952,1.0,0.0,1.0,0.0,0.0,0.0,1.0,17.8
232,11.5779,48.1,0.7,5.036,97.0,1.98,1.75,1.93,1.42,19.8,25.68,5.494,14.0776,51.0,0.068542099,1.0,0.0,0.0,0.0,1.0,0.0,1.0,9.7
233,0.10574,57.74,0.609,5.983,98.8,1.96,1.69,2.06,1.76,19.9,18.07,7.072,14.1088,47.0,0.056278464,1.0,0.0,0.0,0.0,1.0,0.0,1.0,13.6
234,8.05579,48.1,0.584,5.427,95.4,2.61,2.33,2.56,2.21,19.8,18.14,9.076,11.1104,47.0,0.049707252,1.0,0.0,0.0,1.0,0.0,0.0,1.0,13.8
235,0.08707,42.83,0.437,6.14,45.8,4.32,4.06,4.26,3.72,21.3,10.27,5.916,11.1664,57.0,0.041829283,0.0,1.0,0.0,0.0,0.0,1.0,1.0,20.8
236,4.54192,48.1,0.77,6.398,88.0,2.73,2.42,2.69,2.23,19.8,7.79,8.8,10.2,37.0,0.067257872,1.0,0.0,0.0,0.0,1.0,0.0,1.0,25.0
237,1.61282,38.14,0.538,6.096,96.9,4.07,3.66,3.87,3.44,19.0,20.34,9.67,11.108,40.0,0.049603305,0.0,1.0,0.0,0.0,1.0,0.0,1.0,13.5
238,2.77974,49.58,0.871,4.903,97.8,1.48,1.08,1.55,1.27,25.3,29.29,6.636,13.0944,52.0,0.079429069,0.0,1.0,0.0,0.0,0.0,1.0,1.0,11.8
239,0.35114,37.38,0.493,6.041,49.9,4.93,4.43,4.87,4.66,20.4,7.7,8.908,13.1632,40.0,0.045674585,1.0,0.0,0.0,0.0,1.0,0.0,1.0,20.4
240,0.09103,32.46,0.488,7.155,92.2,2.72,2.65,2.92,2.5,22.2,4.82,9.258,15.3032,56.0,0.042959915,0.0,1.0,0.0,0.0,0.0,1.0,1.0,37.9
241,0.57529,36.2,0.507,8.337,73.3,4.06,3.82,3.9,3.58,22.6,2.47,6.634,11.3336,28.0,0.057302659,0.0,1.0,0.0,0.0,0.0,1.0,1.0,41.7
242,0.19539,40.81,0.413,6.245,6.2,5.36,5.23,5.5,5.06,20.8,7.54,5.968,12.1872,45.0,0.043322646,0.0,1.0,1.0,0.0,0.0,0.0,1.0,23.4
243,8.15174,48.1,0.7,5.39,98.9,2.0,1.5,1.95,1.47,19.8,20.85,6.03,12.092,51.0,0.061502094,1.0,0.0,0.0,1.0,0.0,0.0,1.0,11.5
244,0.01432,31.32,0.411,6.816,40.5,8.63,8.28,8.37,8.02,24.9,3.95,7.432,15.2528,45.0,0.042595273,0.0,1.0,1.0,0.0,0.0,0.0,1.0,31.6
245,4.03841,48.1,0.532,6.229,90.7,3.28,2.79,3.17,3.15,19.8,12.87,8.692,13.1568,52.0,0.04747729,0.0,1.0,0.0,1.0,0.0,0.0,1.0,19.6
246,0.12269,36.91,0.448,6.069,40.0,5.81,5.51,5.9,5.67,22.1,9.55,9.024,12.1696,53.0,0.039936942,1.0,0.0,0.0,0.0,0.0,1.0,1.0,21.2
247,0.04203,45.04,0.464,6.442,53.6,3.96,3.41,3.97,3.32,21.8,8.16,9.158,14.1832,60.0,0.051749737,1.0,0.0,1.0,0.0,0.0,0.0,1.0,22.9
248,0.02899,31.25,0.429,6.939,34.5,8.88,8.54,8.97,8.79,20.3,5.89,5.632,11.2128,30.0,0.039234716,0.0,1.0,0.0,0.0,1.0,0.0,1.0,26.6
249,2.15505,49.58,0.871,5.628,100.0,1.82,1.49,1.69,1.06,25.3,16.65,5.612,10.1248,32.0,0.075905363,0.0,1.0,0.0,0.0,0.0,1.0,1.0,15.6
250,0.01778,31.47,0.403,7.135,13.9,7.79,7.63,7.97,7.22,23.0,4.45,5.958,10.2632,22.0,0.046477735,1.0,0.0,1.0,0.0,0.0,0.0,1.0,32.9
251,0.55007,33.97,0.647,7.206,91.6,1.96,1.91,2.22,1.63,27.0,8.1,8.53,14.292,36.0,0.058798548,0.0,1.0,0.0,0.0,0.0,1.0,1.0,36.5
252,0.2498,51.89,0.624,5.857,98.2,1.89,1.41,1.84,1.53,18.8,21.32,8.066,14.1064,39.0,0.059284665,1.0,0.0,0.0,0.0,0.0,1.0,1.0,13.3
253,0.10469,36.41,0.447,7.267,49.0,4.94,4.68,4.97,4.56,22.4,6.05,8.564,11.2656,35.0,0.042341511,1.0,0.0,1.0,0.0,0.0,0.0,1.0,33.2
254,0.6147,36.2,0.507,6.618,80.8,3.5,3.2,3.54,2.84,22.6,7.6,9.702,12.2408,39.0,0.0490122,0.0,1.0,0.0,0.0,0.0,1.0,1.0,30.1
255,0.35809,36.2,0.507,6.951,88.5,3.03,2.72,3.03,2.66,22.6,9.71,8.734,11.2136,23.0,0.053540387,1.0,0.0,0.0,0.0,0.0,1.0,1.0,26.7
256,0.05789,36.07,0.409,5.878,21.4,6.64,6.4,6.52,6.43,21.1,8.1,7.14,13.176,29.0,0.040528069,0.0,1.0,0.0,0.0,0.0,1.0,1.0,22.0
257,0.26363,38.56,0.52,6.229,91.2,2.57,2.28,2.88,2.45,19.1,15.55,9.788,14.1552,41.0,0.055473931,0.0,1.0,0.0,0.0,1.0,0.0,1.0,19.4
258,0.02498,31.89,0.518,6.54,59.7,6.46,6.21,6.59,5.81,24.1,8.65,7.33,11.132,40.0,0.056545656,0.0,1.0,0.0,0.0,0.0,1.0,1.0,16.5
259,0.09378,37.87,0.524,5.889,39.0,5.76,5.14,5.58,5.33,24.8,15.71,5.534,10.1736,57.0,0.057423248,0.0,1.0,0.0,1.0,0.0,0.0,1.0,21.7
260,1.05393,38.14,0.538,5.935,29.3,4.66,4.39,4.52,4.43,19.0,6.58,5.462,10.1848,46.0,0.054698587,1.0,0.0,0.0,0.0,1.0,0.0,1.0,23.1
261,0.07886,34.95,0.411,7.148,27.7,5.12,4.97,5.41,4.97,20.8,3.56,8.146,10.2984,37.0,0.047461264,0.0,1.0,0.0,0.0,1.0,0.0,1.0,37.3
262,0.05302,33.41,0.489,7.079,63.1,3.66,3.38,3.73,2.89,22.2,5.7,7.574,15.2296,31.0,0.047722824,0.0,1.0,0.0,0.0,1.0,0.0,1.0,28.7
263,0.03537,36.09,0.433,6.59,40.4,5.63,5.2,5.5,5.65,23.9,9.5,9.94,12.176,21.0,0.037135615,0.0,1.0,0.0,0.0,0.0,1.0,1.0,22.0
264,5.58107,48.1,0.713,6.436,87.9,2.34,2.23,2.4,2.3,19.8,16.22,6.186,10.1144,46.0,0.061400159,1.0,0.0,0.0,1.0,0.0,0.0,1.0,14.3
265,0.12757,34.93,0.428,6.393,7.8,7.06,6.97,7.13,6.99,23.4,5.19,7.374,15.1896,26.0,0.048029264,0.0,1.0,0.0,0.0,0.0,1.0,1.0,23.7
266,0.17331,39.69,0.585,5.707,54.0,2.7,2.27,2.42,2.14,20.8,12.01,5.936,14.1744,31.0,0.058020893,0.0,1.0,0.0,0.0,0.0,1.0,1.0,21.8
267,0.01965,31.76,0.385,6.23,31.5,9.21,8.92,9.41,8.81,21.8,12.93,8.302,10.1608,39.0,0.033291762,0.0,1.0,0.0,0.0,1.0,0.0,1.0,20.1
268,0.04932,32.18,0.472,6.849,70.3,3.28,2.89,3.31,3.25,21.6,7.53,10.464,12.2256,46.0,0.046920311,0.0,1.0,0.0,1.0,0.0,0.0,1.0,28.2
269,0.62356,36.2,0.507,6.879,77.7,3.41,3.21,3.38,3.09,22.6,9.93,9.45,12.22,50.0,0.046840009,0.0,1.0,0.0,1.0,0.0,0.0,1.0,27.5
270,0.13117,38.56,0.52,6.127,85.2,2.35,1.95,2.17,2.02,19.1,14.09,6.008,14.1632,57.0,0.05169746,0.0,1.0,0.0,1.0,0.0,0.0,1.0,20.4
271,0.12932,43.92,0.437,6.678,31.1,6.2,5.73,6.07,5.84,24.0,6.27,6.972,10.2288,44.0,0.042031036,0.0,1.0,0.0,0.0,0.0,1.0,1.0,28.6
272,0.05602,32.46,0.488,7.831,53.6,3.45,3.19,3.51,2.65,22.2,4.45,6.0,13.4,35.0,0.045703391,0.0,1.0,1.0,0.0,0.0,0.0,1.0,50.0
273,0.13158,40.01,0.547,6.176,72.5,2.93,2.71,3.0,2.28,22.2,12.04,6.524,13.1696,23.0,0.052774054,1.0,0.0,0.0,0.0,1.0,0.0,1.0,21.2
274,0.09299,55.65,0.581,5.961,92.9,2.34,1.85,2.27,1.9,20.9,17.93,8.91,10.164,51.0,0.060720897,0.0,1.0,0.0,0.0,1.0,0.0,1.0,20.5
275,5.20177,48.1,0.77,6.127,83.4,2.96,2.4,2.9,2.63,19.8,11.48,6.354,15.1816,42.0,0.076655095,1.0,0.0,0.0,1.0,0.0,0.0,1.0,22.7
276,2.924,49.58,0.605,6.101,93.0,2.37,2.28,2.59,1.89,25.3,9.81,10.0,12.2,22.0,0.053283066,0.0,1.0,0.0,0.0,0.0,1.0,1.0,25.0
277,0.52014,33.97,0.647,8.398,91.5,2.55,2.04,2.39,2.17,27.0,5.91,10.076,15.3904,24.0,0.055130645,0.0,1.0,0.0,0.0,0.0,1.0,1.0,48.8
278,0.06127,36.41,0.447,6.826,27.6,5.14,4.84,4.92,4.55,22.4,4.16,6.262,11.2648,21.0,0.041667833,1.0,0.0,0.0,0.0,0.0,1.0,1.0,33.1
279,0.17004,37.87,0.524,6.004,85.9,6.67,6.55,6.85,6.29,24.8,17.1,9.478,14.1512,45.0,0.050727252,0.0,1.0,0.0,0.0,0.0,1.0,1.0,18.9
280,0.36894,35.86,0.431,8.259,8.4,9.03,8.89,9.07,8.64,20.9,3.54,10.856,13.3424,53.0,0.050873374,1.0,0.0,0.0,0.0,0.0,1.0,1.0,42.8
281,0.07503,32.18,0.472,7.42,71.9,3.31,2.92,3.28,2.89,21.6,6.47,10.668,12.2672,23.0,0.050502605,0.0,1.0,0.0,0.0,0.0,1.0,1.0,33.4
282,0.04011,31.52,0.404,7.287,34.1,7.58,7.2,7.51,6.95,27.4,4.08,7.266,15.2664,20.0,0.036635762,0.0,1.0,0.0,1.0,0.0,0.0,1.0,33.3
283,0.3494,39.9,0.544,5.972,76.7,3.4,2.91,3.28,2.82,21.6,9.97,10.106,11.1624,51.0,0.056731152,0.0,1.0,0.0,0.0,1.0,0.0,1.0,20.3
284,5.73116,48.1,0.532,7.061,77.0,3.67,3.33,3.46,3.18,19.8,7.01,5.5,11.2,29.0,0.058384238,1.0,0.0,1.0,0.0,0.0,0.0,1.0,25.0
285,7.75223,48.1,0.713,6.301,83.7,3.1,2.57,2.82,2.65,19.8,16.23,5.598,15.1192,39.0,0.064939128,1.0,0.0,0.0,0.0,0.0,1.0,1.0,14.9
286,0.1403,35.86,0.431,6.487,13.0,7.5,7.32,7.63,7.14,20.9,5.9,6.188,14.1952,38.0,0.038843516,0.0,1.0,0.0,0.0,0.0,1.0,1.0,24.4
287,0.01538,33.75,0.394,7.454,34.2,6.66,6.03,6.67,5.98,24.1,3.11,6.68,13.352,38.0,0.042191684,1.0,0.0,0.0,0.0,0.0,1.0,1.0,44.0
288,0.22876,38.56,0.52,6.405,85.4,3.03,2.55,2.73,2.55,19.1,10.63,6.772,13.1488,57.0,0.054341122,1.0,0.0,0.0,1.0,0.0,0.0,1.0,18.6
289,0.3692,39.9,0.544,6.567,87.3,3.92,3.31,3.8,3.39,21.6,9.28,9.576,13.1904,56.0,0.054380967,0.0,1.0,1.0,0.0,0.0,0.0,1.0,23.8
290,0.04297,35.32,0.405,6.565,22.9,7.33,6.99,7.45,7.5,23.4,9.51,9.096,14.1984,60.0,0.041045876,1.0,0.0,0.0,0.0,1.0,0.0,1.0,24.8
291,0.10153,42.83,0.437,6.279,74.5,4.33,3.72,4.26,3.9,21.3,11.97,7.3,12.16,22.0,0.045274535,1.0,0.0,0.0,0.0,1.0,0.0,1.0,20.0
292,0.14476,40.01,0.547,5.731,65.2,2.96,2.52,2.92,2.63,22.2,13.61,10.186,11.1544,20.0,0.052908001,0.0,1.0,0.0,0.0,0.0,1.0,1.0,19.3
293,0.51183,36.2,0.507,7.358,71.6,4.24,3.82,4.33,4.2,22.6,4.73,10.53,12.252,34.0,0.056108329,0.0,1.0,0.0,0.0,0.0,1.0,1.0,31.5
294,0.14231,40.01,0.547,6.254,84.2,2.54,2.14,2.29,2.05,22.2,10.45,6.67,12.148,39.0,0.056980267,1.0,0.0,0.0,1.0,0.0,0.0,1.0,18.5
295,0.12204,32.89,0.445,6.625,57.8,3.57,3.23,3.76,3.42,22.0,6.65,9.968,14.2272,46.0,0.046627461,1.0,0.0,0.0,0.0,0.0,1.0,1.0,28.4
296,0.06151,35.19,0.515,5.968,58.5,5.06,4.76,4.97,4.46,19.8,9.29,6.474,13.1496,20.0,0.053311543,0.0,1.0,0.0,0.0,1.0,0.0,1.0,18.7
297,1.20742,49.58,0.605,5.875,94.6,2.7,2.42,2.72,1.86,25.3,14.43,7.948,11.1392,28.0,0.060587462,1.0,0.0,1.0,0.0,0.0,0.0,1.0,17.4
298,0.11132,57.74,0.609,5.983,83.5,2.25,1.82,2.12,2.24,19.9,13.35,8.902,13.1608,57.0,0.062228045,0.0,1.0,0.0,0.0,0.0,1.0,1.0,20.1
299,0.04294,45.04,0.464,6.249,77.3,3.81,3.34,3.92,3.39,21.8,10.59,5.712,13.1648,54.0,0.046459979,1.0,0.0,0.0,1.0,0.0,0.0,1.0,20.6
300,0.28955,40.59,0.489,5.412,9.8,3.68,3.48,3.67,3.53,21.4,29.55,5.674,11.1896,21.0,0.056117611,0.0,1.0,0.0,0.0,1.0,0.0,1.0,23.7
301,0.17505,35.96,0.499,5.966,30.2,4.15,3.66,4.04,3.54,20.8,10.13,8.184,10.1936,21.0,0.048389259,0.0,1.0,0.0,0.0,0.0,1.0,1.0,24.2
302,0.24103,37.38,0.493,6.083,43.7,5.59,5.38,5.48,5.21,20.4,12.79,9.044,15.1776,27.0,0.050830442,1.0,0.0,0.0,0.0,1.0,0.0,1.0,22.2
303,0.53412,33.97,0.647,7.52,89.4,2.4,2.0,2.15,2.0,27.0,7.26,6.662,11.3448,24.0,0.06503824,0.0,1.0,0.0,1.0,0.0,0.0,1.0,43.1
304,0.09744,35.96,0.499,5.841,61.4,3.39,3.28,3.62,3.22,20.8,11.41,7.5,15.16,39.0,0.045356817,1.0,0.0,0.0,0.0,1.0,0.0,1.0,20.0
305,0.05561,32.24,0.4,7.041,10.0,7.84,7.81,8.11,7.56,25.2,4.74,7.98,11.232,36.0,0.04137643,0.0,1.0,1.0,0.0,0.0,0.0,1.0,29.0
306,0.06588,32.46,0.488,7.765,83.3,2.98,2.66,2.96,2.36,22.2,7.56,8.496,14.3184,60.0,0.046516009,0.0,1.0,0.0,1.0,0.0,0.0,1.0,39.8
307,0.07022,34.05,0.51,6.02,47.2,3.75,3.41,3.78,3.28,23.4,10.11,8.564,15.1856,49.0,0.05195249,0.0,1.0,1.0,0.0,0.0,0.0,1.0,23.2
308,3.83684,48.1,0.77,6.251,91.1,2.58,1.98,2.3,2.32,19.8,14.19,8.898,13.1592,56.0,0.073252182,0.0,1.0,0.0,0.0,0.0,1.0,1.0,19.9
309,10.8342,48.1,0.679,6.782,90.8,1.9,1.54,2.04,1.8,19.8,25.79,8.044,10.06,35.0,0.06461937,0.0,1.0,0.0,0.0,0.0,1.0,1.0,7.5
310,0.19802,40.59,0.489,6.182,42.4,4.15,3.81,3.96,3.87,21.4,9.47,8.044,12.2,30.0,0.04792534,0.0,1.0,1.0,0.0,0.0,0.0,1.0,25.0
311,0.23912,39.69,0.585,6.019,65.3,2.68,2.25,2.58,2.12,20.8,12.92,5.824,14.1696,32.0,0.054545842,0.0,1.0,0.0,0.0,0.0,1.0,1.0,21.2
312,0.25199,40.59,0.489,5.783,72.7,4.64,4.25,4.6,3.92,21.4,18.06,7.95,10.18,38.0,0.05189131,0.0,1.0,0.0,0.0,1.0,0.0,1.0,22.5
313,0.21719,40.59,0.489,5.807,53.8,3.66,3.58,3.8,3.57,21.4,16.03,6.848,13.1792,20.0,0.052656085,0.0,1.0,0.0,0.0,0.0,1.0,1.0,22.4
314,11.1604,48.1,0.74,6.629,94.6,2.15,1.97,2.14,2.24,19.8,23.27,10.168,12.1072,46.0,0.076801062,1.0,0.0,0.0,1.0,0.0,0.0,1.0,13.4
315,0.08826,40.81,0.413,6.417,6.6,5.52,5.07,5.59,4.96,20.8,6.72,9.784,14.1936,38.0,0.040917773,0.0,1.0,0.0,0.0,0.0,1.0,1.0,24.2
316,1.19294,51.89,0.624,6.326,97.7,2.54,2.03,2.42,2.09,18.8,12.26,7.592,12.1568,29.0,0.055879606,0.0,1.0,0.0,0.0,1.0,0.0,1.0,19.6
317,3.67822,48.1,0.77,5.362,96.2,2.27,1.8,2.21,2.14,19.8,10.19,8.016,14.1664,52.0,0.069929484,1.0,0.0,1.0,0.0,0.0,0.0,1.0,20.8
318,0.06047,32.46,0.488,6.153,68.8,3.43,3.05,3.5,3.14,22.2,13.15,8.192,11.2368,45.0,0.046596095,0.0,1.0,1.0,0.0,0.0,0.0,1.0,29.6
319,6.65492,48.1,0.713,6.317,83.0,3.04,2.43,2.8,2.67,19.8,13.99,5.89,15.156,22.0,0.070732691,1.0,0.0,0.0,0.0,0.0,1.0,1.0,19.5
320,0.00632,32.31,0.538,6.575,65.2,4.35,3.81,4.18,4.01,24.7,4.98,5.48,11.192,23.0,0.049347306,0.0,1.0,0.0,0.0,0.0,1.0,1.0,24.0
321,0.03738,35.19,0.515,6.31,38.5,6.52,6.34,6.69,6.29,19.8,6.75,7.514,15.1656,53.0,0.055402331,0.0,1.0,0.0,1.0,0.0,0.0,1.0,20.7
322,7.52601,48.1,0.713,6.417,98.3,2.5,2.11,2.19,1.94,19.8,19.31,8.06,12.104,27.0,0.073411072,0.0,1.0,0.0,0.0,1.0,0.0,1.0,13.0
323,0.0187,34.15,0.429,6.516,27.7,8.87,8.29,8.58,8.41,22.1,6.36,8.162,12.1848,47.0,0.038407038,0.0,1.0,1.0,0.0,0.0,0.0,1.0,23.1
324,0.13554,36.07,0.409,5.594,36.8,6.51,6.17,6.54,6.77,21.1,13.09,8.848,15.1392,40.0,0.048420864,1.0,0.0,0.0,0.0,0.0,1.0,1.0,17.4
325,0.27957,39.69,0.585,5.926,42.6,2.55,2.14,2.39,2.44,20.8,13.59,8.79,11.196,47.0,0.054577495,0.0,1.0,0.0,0.0,0.0,1.0,1.0,24.5
326,0.7842,38.14,0.538,5.99,81.7,4.56,4.15,4.36,3.97,19.0,14.67,5.45,11.14,56.0,0.05478547,1.0,0.0,1.0,0.0,0.0,0.0,1.0,17.5
327,1.13081,38.14,0.538,5.713,94.1,4.52,4.18,4.37,3.86,19.0,22.6,9.854,12.1016,34.0,0.058542025,1.0,0.0,1.0,0.0,0.0,0.0,1.0,12.7
328,0.1712,38.56,0.52,5.836,91.9,2.37,2.07,2.48,1.92,19.1,18.66,10.29,14.156,20.0,0.048169777,0.0,1.0,1.0,0.0,0.0,0.0,1.0,19.5
329,0.62976,38.14,0.538,5.949,61.8,4.72,4.59,4.93,4.59,19.0,8.26,5.908,14.1632,39.0,0.053463955,0.0,1.0,0.0,0.0,1.0,0.0,1.0,20.4
330,0.09164,40.81,0.413,6.065,7.8,5.46,4.96,5.61,5.12,20.8,5.52,5.856,10.1824,20.0,0.036089025,1.0,0.0,0.0,0.0,0.0,1.0,1.0,22.8
331,0.22188,36.96,0.464,7.691,51.8,4.53,4.1,4.48,4.36,21.4,6.58,6.004,10.2816,39.0,0.042436929,0.0,1.0,0.0,0.0,0.0,1.0,1.0,35.2
332,0.02177,32.03,0.415,7.61,15.7,6.35,6.09,6.53,6.1,25.3,3.11,10.546,14.3384,30.0,0.045898658,1.0,0.0,0.0,1.0,0.0,0.0,1.0,42.3
333,73.5341,48.1,0.679,5.957,100.0,1.96,1.69,1.85,1.7,19.8,20.62,8.476,12.0704,52.0,0.067903567,1.0,0.0,0.0,0.0,1.0,0.0,1.0,8.8
334,0.08664,33.44,0.437,7.178,26.3,6.76,6.34,6.6,6.21,24.8,2.87,10.528,11.2912,40.0,0.044716451,0.0,1.0,1.0,0.0,0.0,0.0,1.0,36.4
335,0.05644,36.41,0.447,6.758,32.9,4.2,3.98,4.38,3.76,22.4,3.53,10.648,12.2592,30.0,0.042514896,1.0,0.0,0.0,0.0,0.0,1.0,1.0,32.4
336,0.13914,34.05,0.51,5.572,88.5,2.7,2.54,2.73,2.42,23.4,14.69,9.362,12.1848,38.0,0.052949504,1.0,0.0,0.0,0.0,0.0,1.0,1.0,23.1
337,0.08199,43.92,0.437,6.009,42.3,5.54,5.47,5.56,5.44,24.0,10.4,8.834,11.1736,23.0,0.03857924,1.0,0.0,1.0,0.0,0.0,0.0,1.0,21.7
338,4.55587,48.1,0.718,3.561,87.9,1.63,1.55,1.68,1.59,19.8,7.12,8.05,12.22,51.0,0.067931991,0.0,1.0,0.0,0.0,0.0,1.0,1.0,27.5
339,1.80028,49.58,0.605,5.877,79.2,2.69,2.21,2.58,2.22,25.3,12.14,10.076,10.1904,22.0,0.054831218,0.0,1.0,1.0,0.0,0.0,0.0,1.0,23.8
340,0.1,36.09,0.433,6.982,17.7,5.81,5.36,5.51,5.29,23.9,4.86,8.262,14.2648,34.0,0.051095004,1.0,0.0,0.0,0.0,1.0,0.0,1.0,33.1
341,0.17783,39.69,0.585,5.569,73.5,2.46,2.39,2.49,2.26,20.8,15.1,9.85,14.14,47.0,0.063466301,1.0,0.0,1.0,0.0,0.0,0.0,1.0,17.5
342,45.7461,48.1,0.693,4.519,100.0,1.74,1.5,1.9,1.49,19.8,36.98,6.04,12.056,40.0,0.069262801,0.0,1.0,0.0,0.0,0.0,1.0,1.0,7.0
343,5.66998,48.1,0.631,6.683,96.8,1.55,1.28,1.65,0.94,19.8,3.73,6.7,15.4,58.0,0.06747724,0.0,1.0,0.0,0.0,0.0,1.0,1.0,50.0
344,0.08244,34.93,0.428,6.481,18.5,6.26,6.12,6.45,5.93,23.4,6.36,7.374,12.1896,48.0,0.049067932,0.0,1.0,0.0,1.0,0.0,0.0,1.0,23.7
345,0.26169,39.9,0.544,6.023,90.4,3.0,2.67,3.15,2.51,21.6,11.72,6.288,13.1552,26.0,0.053472691,0.0,1.0,0.0,0.0,1.0,0.0,1.0,19.4
346,0.01501,31.21,0.401,7.923,24.8,6.15,5.84,5.97,5.58,26.4,3.16,8.7,13.4,20.0,0.048894815,0.0,1.0,1.0,0.0,0.0,0.0,1.0,50.0
347,0.06888,32.46,0.488,6.144,62.2,2.69,2.39,2.79,2.52,22.2,9.45,6.624,15.2896,59.0,0.056018002,0.0,1.0,0.0,0.0,0.0,1.0,1.0,36.2
348,0.1265,35.13,0.453,6.762,43.4,8.23,7.69,8.1,7.91,20.3,9.5,5.9,13.2,28.0,0.046951062,0.0,1.0,0.0,1.0,0.0,0.0,1.0,25.0
349,24.8017,48.1,0.693,5.349,96.0,1.75,1.38,1.88,1.8,19.8,19.77,8.044,15.0664,40.0,0.067688666,0.0,1.0,0.0,0.0,0.0,1.0,1.0,8.3
350,0.13262,38.56,0.52,5.851,96.7,2.19,1.95,2.13,2.15,19.1,16.47,7.89,13.156,57.0,0.05142062,0.0,1.0,0.0,0.0,1.0,0.0,1.0,19.5
351,9.82349,48.1,0.671,6.794,98.8,1.57,1.07,1.52,1.27,19.8,21.24,6.066,14.1064,22.0,0.069007471,0.0,1.0,0.0,0.0,1.0,0.0,1.0,13.3
352,0.02729,37.07,0.469,7.185,61.1,5.03,4.86,5.01,4.97,22.2,4.03,7.394,101.12,38.0,0.045763966,1.0,0.0,0.0,0.0,1.0,0.0,1.0,34.7
353,0.03427,35.19,0.515,5.869,46.3,5.5,4.91,5.5,5.01,19.8,9.8,10.09,15.156,53.0,0.044682897,1.0,0.0,0.0,0.0,0.0,1.0,1.0,19.5
354,0.21409,35.86,0.431,6.438,8.9,7.43,7.18,7.41,7.57,20.9,3.59,10.296,12.1984,50.0,0.046856215,1.0,0.0,1.0,0.0,0.0,0.0,1.0,24.8
355,4.75237,48.1,0.713,6.525,86.5,2.61,2.42,2.74,1.97,19.8,18.13,7.782,14.1128,36.0,0.061925584,1.0,0.0,0.0,0.0,0.0,1.0,1.0,14.1
356,0.10008,32.46,0.488,6.563,95.6,3.04,2.67,2.91,2.76,22.2,5.68,7.35,14.26,60.0,0.045047217,0.0,1.0,1.0,0.0,0.0,0.0,1.0,32.5
357,0.29916,36.96,0.464,5.856,42.1,4.66,4.21,4.51,4.34,21.4,13.0,6.222,15.1688,27.0,0.046563106,0.0,1.0,0.0,0.0,1.0,0.0,1.0,21.1
358,0.24522,39.9,0.544,5.782,71.7,4.13,3.94,4.34,3.73,21.6,15.94,9.796,12.1584,50.0,0.04706184,1.0,0.0,0.0,0.0,0.0,1.0,1.0,19.8
359,0.02187,32.93,0.401,6.8,9.9,6.46,6.13,6.45,5.84,24.4,5.03,6.822,13.2488,24.0,0.041103452,1.0,0.0,0.0,0.0,0.0,1.0,1.0,31.1
360,10.0623,48.1,0.584,6.833,94.3,2.1,1.89,2.27,2.09,19.8,19.69,6.682,14.1128,29.0,0.054610526,0.0,1.0,1.0,0.0,0.0,0.0,1.0,14.1
361,0.21977,36.91,0.448,5.602,62.0,6.11,5.9,6.3,6.04,22.1,16.2,5.988,13.1552,45.0,0.050609653,1.0,0.0,0.0,1.0,0.0,0.0,1.0,19.4
362,0.55778,51.89,0.624,6.335,98.2,2.22,2.07,2.32,1.83,18.8,16.96,7.862,11.1448,37.0,0.066297131,0.0,1.0,0.0,0.0,0.0,1.0,1.0,18.1
363,0.06076,41.93,0.573,6.976,91.0,2.34,2.06,2.29,1.98,19.0,5.64,5.478,12.1912,31.0,0.057572286,1.0,0.0,0.0,0.0,1.0,0.0,1.0,23.9
364,9.96654,48.1,0.74,6.485,100.0,2.29,1.8,2.2,1.62,19.8,18.85,6.608,14.1232,21.0,0.06694984,1.0,0.0,0.0,0.0,0.0,1.0,1.0,15.4
365,0.03932,33.41,0.489,6.405,73.9,3.16,2.95,3.41,2.85,22.2,8.2,8.24,13.176,23.0,0.045096039,1.0,0.0,0.0,0.0,0.0,1.0,1.0,22.0
366,0.06905,32.18,0.458,7.147,54.2,6.16,5.86,6.37,5.86,21.3,5.33,8.824,11.2896,55.0,0.039474005,1.0,0.0,1.0,0.0,0.0,0.0,1.0,36.2
367,0.14866,38.56,0.52,6.727,79.9,3.1,2.68,2.81,2.52,19.1,9.42,9.65,15.22,24.0,0.046955478,0.0,1.0,1.0,0.0,0.0,0.0,1.0,27.5
368,0.37578,40.59,0.489,5.404,88.6,3.99,3.41,3.8,3.46,21.4,23.98,5.986,14.1544,39.0,0.048873203,1.0,0.0,0.0,0.0,0.0,1.0,1.0,19.3
369,0.19133,35.86,0.431,5.605,70.2,8.28,7.83,8.28,7.43,20.9,18.46,9.27,10.148,59.0,0.043718216,0.0,1.0,0.0,0.0,1.0,0.0,1.0,18.5
370,1.62864,51.89,0.624,5.019,100.0,1.63,1.32,1.71,1.1,18.8,34.41,9.988,12.1152,43.0,0.056051787,0.0,1.0,0.0,0.0,1.0,0.0,1.0,14.4
371,16.8118,48.1,0.7,5.277,98.1,1.46,1.23,1.62,1.4,19.8,30.81,10.144,13.0576,36.0,0.059990848,1.0,0.0,0.0,1.0,0.0,0.0,1.0,7.2
372,18.0846,48.1,0.679,6.434,100.0,1.88,1.75,1.84,1.87,19.8,29.05,8.644,11.0576,59.0,0.058726791,1.0,0.0,0.0,0.0,1.0,0.0,1.0,7.2
373,14.3337,48.1,0.7,4.88,100.0,1.77,1.37,1.65,1.57,19.8,30.62,6.104,10.0816,25.0,0.071030258,1.0,0.0,1.0,0.0,0.0,0.0,1.0,10.2
374,3.47428,48.1,0.718,8.78,82.9,1.97,1.71,1.92,2.02,19.8,5.29,8.038,12.1752,26.0,0.062172824,1.0,0.0,0.0,0.0,0.0,1.0,1.0,21.9
375,3.53501,49.58,0.871,6.152,82.6,1.88,1.45,1.92,1.74,25.3,15.02,9.912,11.1248,37.0,0.086711473,1.0,0.0,0.0,0.0,0.0,1.0,1.0,15.6
376,24.3938,48.1,0.7,4.652,100.0,1.71,1.36,1.72,1.08,19.8,28.28,7.71,15.084,34.0,0.059673708,0.0,1.0,0.0,0.0,0.0,1.0,1.0,10.5
377,0.05188,34.49,0.449,6.015,45.1,4.62,4.16,4.49,4.44,21.5,12.86,5.95,11.18,50.0,0.047156577,0.0,1.0,0.0,0.0,0.0,1.0,1.0,22.5
378,0.02875,45.04,0.464,6.211,28.9,3.92,3.55,3.81,3.39,21.8,6.21,10.3,14.2,46.0,0.049108903,1.0,0.0,0.0,1.0,0.0,0.0,1.0,25.0
379,0.35233,51.89,0.624,6.454,98.4,2.15,1.53,2.17,1.55,18.8,14.59,6.942,11.1368,40.0,0.067321325,0.0,1.0,0.0,0.0,1.0,0.0,1.0,17.1
380,25.0461,48.1,0.693,5.987,100.0,1.73,1.38,1.92,1.33,19.8,26.77,9.212,11.0448,30.0,0.061734722,0.0,1.0,1.0,0.0,0.0,0.0,1.0,5.6
381,0.15445,35.13,0.453,6.145,29.2,7.98,7.77,8.07,7.44,20.3,6.86,7.866,14.1864,22.0,0.04378357,1.0,0.0,0.0,0.0,1.0,0.0,1.0,23.3
382,0.31827,39.9,0.544,5.914,83.2,4.2,3.82,4.08,3.89,21.6,18.33,7.256,12.1424,43.0,0.051922204,1.0,0.0,0.0,0.0,0.0,1.0,1.0,17.8
383,4.22239,48.1,0.77,5.803,89.0,1.98,1.7,1.97,1.97,19.8,14.64,9.736,15.1344,57.0,0.08028456,0.0,1.0,0.0,1.0,0.0,0.0,1.0,16.8
384,0.29819,36.2,0.504,7.686,17.0,3.55,3.3,3.61,3.05,22.6,3.92,10.134,14.3736,43.0,0.054927989,0.0,1.0,1.0,0.0,0.0,0.0,1.0,46.7
385,4.0974,49.58,0.871,5.468,100.0,1.64,1.2,1.58,1.23,25.3,26.42,7.312,13.1248,25.0,0.07925606,0.0,1.0,0.0,0.0,1.0,0.0,1.0,15.6
386,0.10959,41.93,0.573,6.794,89.3,2.54,2.31,2.4,2.31,19.0,6.48,7.94,15.176,47.0,0.060694299,0.0,1.0,0.0,0.0,1.0,0.0,1.0,22.0
387,0.11329,34.93,0.428,6.897,54.3,6.49,6.13,6.4,6.32,23.4,11.38,10.24,11.216,24.0,0.038641351,0.0,1.0,0.0,0.0,1.0,0.0,1.0,27.0
388,0.03502,34.95,0.411,6.861,27.9,5.22,4.82,5.16,5.27,20.8,3.33,8.07,11.228,53.0,0.039614292,0.0,1.0,0.0,0.0,0.0,1.0,1.0,28.5
389,0.63796,38.14,0.538,6.096,84.5,4.6,4.2,4.48,4.58,19.0,10.26,6.964,13.1456,49.0,0.059882129,1.0,0.0,0.0,0.0,1.0,0.0,1.0,18.2
390,0.38214,36.2,0.504,8.04,86.5,3.49,2.96,3.31,3.1,22.6,3.13,5.952,10.3008,54.0,0.053115719,0.0,1.0,0.0,1.0,0.0,0.0,1.0,37.6
391,0.04379,33.37,0.398,5.787,31.1,6.7,6.44,6.84,6.46,23.9,10.24,8.988,11.1552,44.0,0.047875577,1.0,0.0,0.0,1.0,0.0,0.0,1.0,19.4
392,0.04981,35.64,0.439,5.998,21.4,6.89,6.52,6.87,6.98,23.2,8.43,9.168,11.1872,41.0,0.041560598,1.0,0.0,0.0,0.0,0.0,1.0,1.0,23.4
393,0.04301,31.91,0.413,5.663,21.9,10.76,10.37,10.76,10.45,18.0,8.05,8.764,12.1456,34.0,0.046933708,1.0,0.0,0.0,0.0,1.0,0.0,1.0,18.2
394,14.4208,48.1,0.74,6.461,93.3,2.32,1.82,2.11,1.75,19.8,18.05,6.092,10.0768,57.0,0.070157854,0.0,1.0,0.0,0.0,0.0,1.0,1.0,9.6
395,0.06211,31.25,0.429,6.49,44.4,9.0,8.63,9.11,8.43,20.3,5.98,7.258,15.1832,55.0,0.038897843,1.0,0.0,0.0,0.0,0.0,1.0,1.0,22.9
396,13.3598,48.1,0.693,5.887,94.7,1.99,1.54,2.06,1.54,19.8,16.35,6.754,15.1016,40.0,0.065389612,1.0,0.0,0.0,0.0,1.0,0.0,1.0,12.7
397,6.44405,48.1,0.584,6.425,74.8,2.4,1.92,2.34,2.14,19.8,12.03,8.722,10.1288,42.0,0.053705297,0.0,1.0,0.0,0.0,1.0,0.0,1.0,16.1
398,0.08387,42.83,0.437,5.874,36.6,4.53,4.23,4.82,4.43,21.3,9.1,6.406,15.1624,37.0,0.047111045,1.0,0.0,0.0,1.0,0.0,0.0,1.0,20.3
399,0.02543,33.78,0.484,6.696,56.4,6.03,5.62,5.84,5.44,22.4,7.18,8.978,15.1912,52.0,0.047871549,0.0,1.0,0.0,1.0,0.0,0.0,1.0,23.9
400,4.26131,48.1,0.77,6.112,81.3,2.78,2.38,2.56,2.31,19.8,12.67,8.044,14.1808,26.0,0.074238745,1.0,0.0,1.0,0.0,0.0,0.0,1.0,22.6
401,0.28392,37.38,0.493,5.708,74.3,4.91,4.6,4.9,4.47,20.4,11.74,6.57,15.148,25.0,0.050020111,0.0,1.0,0.0,0.0,1.0,0.0,1.0,18.5
402,0.03578,33.33,0.4429,7.82,64.5,4.98,4.67,4.84,4.29,25.1,3.76,7.108,10.3632,50.0,0.041950915,1.0,0.0,0.0,0.0,1.0,0.0,1.0,45.4
403,0.21124,37.87,0.524,5.631,100.0,6.18,5.85,6.3,6.0,24.8,29.93,5.93,12.132,55.0,0.056302495,0.0,1.0,0.0,0.0,1.0,0.0,1.0,16.5
