,price,crime_rate,resid_area,air_qual,room_num,age,teachers,poor_prop,airport,n_hos_beds,n_hot_rooms,waterbody,rainfall,dist
0,24.0,-5.064036070823371,32.31,0.538,6.575,65.2,24.7,1.6054298910365616,YES,5.48,11.192,River,23,4.0875
1,21.6,-3.6005023434965233,37.07,0.469,6.421,78.9,22.2,2.2126603854660587,NO,7.332,12.1728,Lake,42,4.9675
2,34.7,-3.60123494426189,37.07,0.469,7.185,61.1,22.2,1.3937663759585917,NO,7.394,101.12,None,38,4.9675
3,33.4,-3.430523211043984,32.18,0.458,6.998,45.8,21.3,1.0784095813505903,YES,9.268,11.2672,Lake,45,6.065
4,36.2,-2.672924399126836,32.18,0.458,7.147,54.2,21.3,1.673351238177753,NO,8.824,11.2896,Lake,55,6.0625
5,28.7,-3.511570439143526,32.18,0.458,6.43,58.7,21.3,1.6505798557652755,YES,7.174,14.2296,None,53,6.0600000000000005
6,22.9,-2.427128428068646,37.87,0.524,6.012,66.6,24.8,2.5201129055226197,YES,6.958,12.1832,River,41,5.56
7,22.1,-1.934129810519782,37.87,0.524,6.172,96.1,24.8,2.952302715626655,NO,5.842,12.1768,Lake,56,5.95
8,16.5,-1.5547603511434045,37.87,0.524,5.631,100.0,24.8,3.3988613218646075,YES,5.93,12.132,None,55,6.0825
9,18.9,-1.7717215754915476,37.87,0.524,6.004,85.9,24.8,2.8390784635086144,YES,9.478,14.1512,River,45,6.59
10,15.0,-1.492143885211743,37.87,0.524,6.377,94.3,24.8,3.017982882488811,NO,6.0,11.12,Lake,29,6.3475
11,18.9,-2.1415722971463422,37.87,0.524,6.009,82.9,24.8,2.5855058483441162,NO,9.278,13.1512,Lake and River,23,6.2250000000000005
12,21.7,-2.3668036653206967,37.87,0.524,5.889,39.0,24.8,2.75429745226753,YES,5.534,10.1736,Lake and River,57,5.452499999999999
13,20.4,-0.46241648455830314,38.14,0.538,5.949,61.8,19.0,2.1114245875328868,YES,5.908,14.1632,None,39,4.7075
14,18.2,-0.44947969352758377,38.14,0.538,6.096,84.5,19.0,2.3282528397426234,NO,6.964,13.1456,None,49,4.465
15,19.9,-0.4661869221476103,38.14,0.538,5.834,56.5,19.0,2.136530508663963,YES,8.498,14.1592,River,28,4.4975
16,23.1,0.05252603425144661,38.14,0.538,5.935,29.3,19.0,1.884034745337226,NO,5.462,10.1848,None,46,4.5
17,17.5,-0.2430911891239058,38.14,0.538,5.99,81.7,19.0,2.6858045921548905,NO,5.45,11.14,Lake,56,4.26
18,20.2,-0.2197617759678016,38.14,0.538,5.456,36.6,19.0,2.458733775483977,YES,8.504,12.1616,Lake and River,41,3.795
19,18.2,-0.3204807842031671,38.14,0.538,5.727,69.5,19.0,2.423031246069913,NO,8.564,12.1456,Lake and River,27,3.8
20,13.6,0.22457452697999086,38.14,0.538,5.57,98.1,19.0,3.045474365448805,YES,8.272,15.1088,Lake and River,44,3.7975
21,19.6,-0.1601218048980534,38.14,0.538,5.965,89.2,19.0,2.626840145676667,YES,9.192,14.1568,None,23,4.0125
22,15.2,0.20902028586767565,38.14,0.538,6.142,91.7,19.0,2.929592471049446,YES,5.804,14.1216,River,48,3.9799999999999995
23,14.5,-0.011637453244120754,38.14,0.538,5.813,100.0,19.0,2.989714201228428,YES,7.49,13.116,Lake,29,4.095000000000001
24,15.6,-0.2873354658601195,38.14,0.538,5.924,94.1,19.0,2.791165107812717,YES,8.212,13.1248,Lake,27,4.4
25,13.9,-0.17371073654605956,38.14,0.538,5.599,85.7,19.0,2.8039662579320366,YES,9.378,13.1112,River,35,4.455
26,16.6,-0.397630875999648,38.14,0.538,5.813,90.3,19.0,2.6953026282797072,NO,9.732,12.1328,Lake,59,4.682500000000001
27,14.8,-0.04523798065019433,38.14,0.538,6.047,88.8,19.0,2.8495497633759097,YES,8.696,13.1184,Lake,20,4.4525
28,18.4,-0.2574891670890018,38.14,0.538,6.495,94.4,19.0,2.5494451709255714,YES,5.968,15.1472,River,35,4.455
29,21.0,0.002447003643051847,38.14,0.538,6.674,87.3,19.0,2.4832385926873033,NO,9.02,12.168,River,50,4.24
30,12.7,0.12293419009497764,38.14,0.538,5.713,94.1,19.0,3.1179499062782403,NO,9.854,12.1016,Lake,34,4.2325
31,14.5,0.30359479091182995,38.14,0.538,6.072,100.0,19.0,2.5680215564985067,YES,9.29,12.116,None,23,4.175
32,13.2,0.3278566574477085,38.14,0.538,5.95,82.0,19.0,3.321793358874887,NO,8.764,14.1056,River,25,3.9924999999999997
33,13.1,0.14125647717535533,38.14,0.538,5.701,95.0,19.0,2.9096295745005794,YES,8.362,15.1048,None,25,3.7875
34,13.5,0.477984199611674,38.14,0.538,6.096,96.9,19.0,3.012589390620414,YES,9.67,11.108,None,40,3.7600000000000002
35,18.9,-2.746219467219713,35.96,0.499,5.933,68.2,20.8,2.2700619012884857,YES,9.478,11.1512,River,43,3.36
36,20.0,-2.3285184750205503,35.96,0.499,5.841,61.4,20.8,2.4344901638739844,NO,7.5,15.16,None,39,3.3775
37,21.0,-2.5239801737741385,35.96,0.499,5.85,41.5,20.8,2.1713368063840917,YES,8.12,10.168,River,21,3.9350000000000005
38,24.2,-1.7426836315814622,35.96,0.499,5.966,30.2,20.8,2.315501318260592,YES,8.184,10.1936,River,21,3.8475
39,30.8,-3.5888531400468118,32.95,0.428,6.595,21.8,21.7,1.463255402256019,YES,6.916,12.2464,River,49,5.4
40,34.9,-3.3935268753579355,32.95,0.428,7.024,15.8,21.7,0.6830968447064438,YES,6.198,15.2792,River,20,5.4025
41,26.6,-2.060109613380344,36.91,0.448,6.77,2.9,22.1,1.5769147207285403,NO,7.732,13.2128,Lake and River,30,5.7225
42,25.3,-1.9554555618988447,36.91,0.448,6.169,6.6,22.1,1.7595805708638197,NO,8.106,15.2024,River,52,5.7225
43,24.7,-1.8365894851458489,36.91,0.448,6.211,6.5,22.1,2.0068708488450007,YES,6.094,15.1976,River,56,5.72
44,21.2,-2.098094430179046,36.91,0.448,6.069,40.0,22.1,2.256541154492639,NO,9.024,12.1696,River,53,5.7225
45,19.3,-1.7636385935114005,36.91,0.448,5.682,33.8,22.1,2.3233676321765744,NO,8.086,11.1544,River,21,5.1025
46,20.0,-1.6694002536067831,36.91,0.448,5.786,33.3,22.1,2.649714624089247,YES,9.3,12.16,Lake,39,5.1
47,16.6,-1.4728549306475662,36.91,0.448,6.03,85.5,22.1,2.9338568698359038,YES,5.332,12.1328,River,44,5.6899999999999995
48,14.4,-1.3709329540071915,36.91,0.448,5.399,95.3,22.1,3.4278393126085764,NO,7.088,14.1152,None,34,5.87
49,19.4,-1.5151737340440177,36.91,0.448,5.602,62.0,22.1,2.785011242238338,NO,5.988,13.1552,Lake and River,45,6.0875
50,19.7,-2.4221572281348904,35.64,0.439,5.963,45.7,23.2,2.598979106047848,YES,,11.1576,River,21,6.8149999999999995
51,20.5,-3.137987321134862,35.64,0.439,6.115,63.0,23.2,2.2438960966453663,YES,7.01,11.164,Lake,30,6.8175
52,25.0,-2.926206210905381,35.64,0.439,6.511,21.1,23.2,1.6639260977181702,NO,9.9,14.2,River,56,6.8175
53,23.4,-2.9995395118969452,35.64,0.439,5.998,21.4,23.2,2.131796772013764,NO,9.168,11.1872,River,41,6.815
54,18.9,-4.29768548624013,34.0,0.41,5.888,47.6,18.9,2.6946271807700692,YES,8.678,15.1512,None,55,7.3175
55,35.4,-4.334379981206529,31.22,0.403,7.249,21.9,22.1,1.5706970841176697,YES,7.508,13.2832,River,50,8.6975
56,24.7,-3.8848943380398935,30.74,0.41,6.383,35.7,22.7,1.7526720805200082,YES,5.794,15.1976,Lake,22,9.1875
57,31.6,-4.2460981174496375,31.32,0.411,6.816,40.5,24.9,1.3737155789130306,YES,7.432,15.2528,Lake,45,8.325
58,23.3,-1.8678848596175464,35.13,0.453,6.145,29.2,20.3,1.925707441737794,NO,7.866,14.1864,None,22,7.815
59,19.6,-2.27031153244375,35.13,0.453,5.927,47.2,20.3,2.2213750375685026,YES,6.192,14.1568,None,20,6.93
60,18.7,-1.901663624935754,35.13,0.453,5.741,66.2,20.3,2.5764217586237734,NO,7.974,11.1496,River,30,7.225
61,16.0,-1.7619482716564259,35.13,0.453,5.966,93.4,20.3,2.67000213346468,NO,6.22,15.128,River,48,6.82
62,22.2,-2.20482337521155,35.13,0.453,6.456,67.8,20.3,1.9065751436566365,YES,5.844,10.1776,None,56,7.225
63,25.0,-2.0675129708145623,35.13,0.453,6.762,43.4,20.3,2.2512917986064953,YES,5.9,13.2,Lake and River,28,7.982500000000001
64,33.0,-3.9368281243471173,31.38,0.4161,7.104,59.5,21.4,2.0856720914304723,YES,8.26,10.264,Lake and River,30,9.2225
65,23.5,-3.3286906908754075,33.37,0.398,6.29,17.8,23.9,1.541159071680806,NO,9.47,12.188,River,20,6.6125
66,19.4,-3.12834979816883,33.37,0.398,5.787,31.1,23.9,2.3263016196113617,NO,8.988,11.1552,Lake and River,44,6.61
67,22.0,-2.849210620891224,36.07,0.409,5.878,21.4,21.1,2.0918640616783932,YES,7.14,13.176,River,29,6.4975
68,17.4,-1.9984884792741702,36.07,0.409,5.594,36.8,21.1,2.5718485799218085,NO,8.848,15.1392,River,40,6.4975
69,20.9,-2.054475795662088,36.07,0.409,5.885,33.0,21.1,2.1736147116970854,NO,8.318,11.1672,Lake,56,6.5
70,24.2,-2.4274682751407357,40.81,0.413,6.417,6.6,20.8,1.9050881545350582,YES,9.784,14.1936,River,38,5.285
71,21.7,-1.8403616510672725,40.81,0.413,5.961,17.5,20.8,2.2905125117597764,NO,10.034,13.1736,Lake and River,46,5.2875000000000005
72,22.8,-2.389887421396842,40.81,0.413,6.065,7.8,20.8,1.7083778602890038,NO,5.856,10.1824,River,20,5.2875000000000005
73,23.4,-1.632757717755717,40.81,0.413,6.245,6.2,20.8,2.020222182019865,YES,5.968,12.1872,Lake,45,5.2875
74,24.1,-2.538813883856911,42.83,0.437,6.273,6.0,21.3,1.9139771019523042,NO,7.882,10.1928,River,40,4.2525
75,21.4,-2.3526160265996108,42.83,0.437,6.286,45.0,21.3,2.190535589185423,NO,6.028,10.1712,None,28,4.505
76,20.0,-2.2874009576690058,42.83,0.437,6.279,74.5,21.3,2.482403519569882,NO,7.3,12.16,None,22,4.0525
77,20.8,-2.441042886141613,42.83,0.437,6.14,45.8,21.3,2.329227023940467,YES,5.916,11.1664,River,57,4.09
78,21.2,-2.8742228561567935,42.83,0.437,6.232,53.7,21.3,2.5128460184772416,YES,8.824,15.1696,Lake,53,5.015
79,20.3,-2.478487297985817,42.83,0.437,5.874,36.6,21.3,2.2082744135228043,NO,6.406,15.1624,Lake and River,37,4.5025
80,28.0,-3.1910174967398044,34.86,0.426,6.727,33.5,21.0,1.665818245870208,YES,6.46,14.224,Lake,54,5.4
81,23.9,-3.1095730899777507,34.86,0.426,6.619,70.4,21.0,1.9768549529047348,YES,5.578,12.1912,Lake,49,5.4025
82,24.8,-3.3079802999510215,34.86,0.426,6.302,32.2,21.0,1.9050881545350582,NO,6.096,10.1984,River,20,5.4025
83,22.9,-3.3379409320271405,34.86,0.426,6.167,46.7,21.0,2.0162354657760435,YES,7.558,10.1832,Lake,34,5.3999999999999995
84,23.9,-2.9840013506782923,34.49,0.449,6.389,48.0,21.5,2.263844264677615,NO,6.678,14.1912,Lake,23,4.78
85,26.6,-2.8585824354067575,34.49,0.449,6.63,56.1,21.5,1.8764069432883397,NO,9.732,12.2128,River,56,4.44
86,22.5,-2.958821919533894,34.49,0.449,6.015,45.1,21.5,2.554121718809473,YES,5.95,11.18,River,50,4.4275
87,22.2,-2.6379179789218323,34.49,0.449,6.121,56.8,21.5,2.1329823086078656,YES,7.244,12.1776,None,43,3.7475
88,23.6,-2.871746293773,33.41,0.489,7.007,86.3,22.2,1.7047480922384253,NO,6.972,10.1888,River,28,3.42
89,28.7,-2.9370860781212578,33.41,0.489,7.079,63.1,22.2,1.7404661748405046,YES,7.574,15.2296,None,31,3.415
90,22.6,-3.0610177402526206,33.41,0.489,6.417,66.1,22.2,2.175887439948088,YES,7.352,15.1808,Lake,58,3.0925000000000002
91,22.0,-3.2360219837031714,33.41,0.489,6.405,73.9,22.2,2.1041341542702074,NO,8.24,13.176,River,23,3.0925
92,22.9,-3.1693716299651116,45.04,0.464,6.442,53.6,21.8,2.0992441689760155,NO,9.158,14.1832,Lake,60,3.665
93,25.0,-3.5491175117387774,45.04,0.464,6.211,28.9,21.8,1.8261608959453874,NO,10.3,14.2,Lake and River,46,3.6675
94,20.6,-3.147951486531502,45.04,0.464,6.249,77.3,21.8,2.359910159613315,NO,5.712,13.1648,Lake and River,54,3.615
95,28.4,-2.1034064191336683,32.89,0.445,6.625,57.8,22.0,1.8946168546677629,NO,9.968,14.2272,River,46,3.4949999999999997
96,21.4,-2.1624753850094005,32.89,0.445,6.163,69.6,22.0,2.428336298299606,NO,10.228,12.1712,River,21,3.4949999999999997
97,38.7,-2.1133706799429204,32.89,0.445,8.069,76.0,22.0,1.43746264769429,YES,6.274,12.3096,River,53,3.495
98,43.8,-2.5026226555937803,32.89,0.445,7.82,36.9,22.0,1.2725655957915476,YES,10.876,10.3504,Lake and River,25,3.4975
99,33.2,-2.6794627442502974,32.89,0.445,7.416,62.5,22.0,1.8229350866965048,NO,6.564,13.2656,River,31,3.4974999999999996
100,27.5,-1.9060934596849897,38.56,0.52,6.727,79.9,19.1,2.2428350885882717,YES,9.65,15.22,Lake,24,2.7775
101,26.5,-2.168753745360525,38.56,0.52,6.781,71.3,19.1,2.0373166153791646,YES,7.23,10.212,River,58,2.8575000000000004
102,18.6,-1.4750818599350217,38.56,0.52,6.405,85.4,19.1,2.363680192353857,NO,6.772,13.1488,Lake and River,57,2.715
103,19.3,-1.5530103211354571,38.56,0.52,6.137,87.4,19.1,2.5982353350950036,YES,6.886,14.1544,None,36,2.7125
104,20.1,-1.968974088653865,38.56,0.52,6.167,90.0,19.1,2.512035317176253,YES,7.102,10.1608,None,20,2.4225000000000003
105,19.5,-2.0202673830414155,38.56,0.52,5.851,96.7,19.1,2.8015405441895487,YES,7.89,13.156,None,57,2.105
106,19.5,-1.7649228152744953,38.56,0.52,5.836,91.9,19.1,2.926382195419198,YES,10.29,14.156,Lake,20,2.21
107,20.4,-2.0312610871550825,38.56,0.52,6.127,85.2,19.1,2.645465325910589,YES,6.008,14.1632,Lake and River,57,2.1225
108,19.8,-2.0555687772682796,38.56,0.52,6.474,97.1,19.1,2.50715725872282,NO,8.596,10.1584,Lake and River,48,2.435
109,19.4,-1.3332086740283013,38.56,0.52,6.229,91.2,19.1,2.744060638625243,YES,9.788,14.1552,None,41,2.545
110,21.7,-2.2262724101448823,38.56,0.52,6.195,54.4,19.1,2.5649493574615367,YES,6.934,10.1736,None,37,2.7775000000000003
111,22.8,-2.294220176662418,40.01,0.547,6.715,81.6,22.2,2.318458442150336,YES,5.656,13.1824,River,34,2.675
112,18.8,-2.0932159751016757,40.01,0.547,5.913,92.9,22.2,2.785628335747585,YES,,15.1504,River,35,2.3525
113,18.7,-1.5045375026087306,40.01,0.547,6.092,95.4,22.2,2.8384934971274993,YES,10.074,10.1496,River,59,2.5475
114,18.5,-1.9497475022865685,40.01,0.547,6.254,84.2,22.2,2.34660197841082,NO,6.67,12.148,Lake and River,39,2.255
115,18.3,-1.764105392446239,40.01,0.547,5.928,88.2,22.2,2.757475084429733,NO,7.566,11.1464,None,24,2.4625000000000004
116,21.2,-2.028140247324285,40.01,0.547,6.176,72.5,22.2,2.488234439880675,NO,6.524,13.1696,None,23,2.73
117,19.2,-1.8906079012706583,40.01,0.547,6.021,82.6,22.2,2.33214389523559,NO,9.484,15.1536,Lake and River,28,2.7475
118,20.4,-2.0357692132236496,40.01,0.547,5.872,73.1,22.2,2.7324175575505043,YES,8.008,14.1632,River,40,2.4775
119,19.3,-1.9326780802865953,40.01,0.547,5.731,65.2,22.2,2.6108048166633746,YES,10.186,11.1544,River,20,2.7575000000000003
120,22.0,-2.67379371242412,55.65,0.581,5.87,69.7,20.9,2.6651427000909336,YES,7.84,10.176,River,23,2.2575
121,20.3,-2.635962124707956,55.65,0.581,6.004,84.1,20.9,2.658159431488745,YES,9.706,10.1624,Lake and River,39,2.1975000000000002
122,20.5,-2.3752633184920313,55.65,0.581,5.961,92.9,20.9,2.8864752876170416,YES,8.91,10.164,None,51,2.09
123,17.3,-1.8945898550322562,55.65,0.581,5.856,97.0,20.9,3.2351427973320726,YES,9.146,10.1384,Lake,51,1.9449999999999998
124,18.8,-2.317800258800526,55.65,0.581,5.879,95.8,20.9,2.866761892257031,NO,6.276,13.1504,River,56,2.0075000000000003
125,21.4,-1.7777382278658007,55.65,0.581,5.986,88.4,20.9,2.6953026282797072,YES,8.128,14.1712,Lake,22,1.9899999999999998
126,15.7,-0.9484266019042255,55.65,0.581,5.613,95.6,20.9,3.3054204262683866,NO,7.714,10.1256,Lake,42,1.755
127,16.2,-1.3503482343464215,51.89,0.624,5.693,96.0,18.8,2.844327819394758,YES,5.924,15.1296,None,31,1.7875
128,18.0,-1.1226078942243305,51.89,0.624,6.431,98.8,18.8,2.733717947850788,NO,8.16,14.144,None,41,1.815
129,14.3,-0.12641392485565867,51.89,0.624,5.637,94.7,18.8,2.9090844668283187,YES,7.886,10.1144,Lake,30,1.9825
130,19.2,-1.0786332063527975,51.89,0.624,6.458,98.9,18.8,2.533696813957432,YES,8.984,13.1536,None,25,2.1175
131,19.6,0.17642084847298606,51.89,0.624,6.326,97.7,18.8,2.506341930508065,YES,7.592,12.1568,None,29,2.27
132,23.0,-0.5275479999103794,51.89,0.624,6.372,97.9,18.8,2.4087452888224363,YES,8.96,12.184,Lake and River,57,2.3275
133,18.4,-1.109208227881513,51.89,0.624,5.822,95.4,18.8,2.710048203764883,YES,10.268,10.1472,Lake and River,58,2.4725
134,15.6,-0.024118527408807797,51.89,0.624,5.757,98.4,18.8,2.851284369188118,NO,9.012,11.1248,Lake and River,32,2.3475
135,18.1,-0.5837906595767728,51.89,0.624,6.335,98.2,18.8,2.830857630363757,YES,7.862,11.1448,River,37,2.11
136,17.4,-1.1312181284170244,51.89,0.624,5.942,93.5,18.8,2.8273136219290276,NO,10.148,10.1392,River,37,1.9674999999999998
137,17.1,-1.0431870425627,51.89,0.624,6.454,98.4,18.8,2.6803363625346943,YES,6.942,11.1368,None,40,1.8499999999999999
138,13.3,-1.3870946812906597,51.89,0.624,5.857,98.2,18.8,3.0596455992976437,NO,8.066,14.1064,River,39,1.6675
139,17.8,-0.6078506063378647,51.89,0.624,6.151,97.9,18.8,2.9156062290747062,YES,8.656,10.1424,Lake,29,1.6675
140,14.0,-1.2347757134809811,51.89,0.624,6.174,93.6,18.8,3.184698373066614,NO,5.68,10.112,Lake,28,1.6125
141,14.4,0.4877453107218927,51.89,0.624,5.019,100.0,18.8,3.538347219809389,YES,9.988,12.1152,None,43,1.44
142,13.4,1.200280997987386,49.58,0.871,5.403,100.0,25.3,3.2891478778535324,YES,5.268,13.1072,River,42,1.3224999999999998
143,15.6,1.4103526262129615,49.58,0.871,5.468,100.0,25.3,3.2741212990941793,YES,7.312,13.1248,None,25,1.4125
144,11.8,1.0223573981489371,49.58,0.871,4.903,97.8,25.3,3.377246160839642,YES,6.636,13.0944,River,52,1.3450000000000002
145,13.8,0.8668231383012291,49.58,0.871,6.13,100.0,25.3,3.3250360206965914,YES,7.776,10.1104,River,59,1.42
146,15.6,0.7678139251427007,49.58,0.871,5.628,100.0,25.3,2.8124102164264526,YES,5.612,10.1248,River,32,1.5150000000000001
147,14.6,0.8623075070760768,49.58,0.871,4.926,95.7,25.3,3.3854066957558313,NO,6.892,11.1168,None,24,1.46
148,17.8,0.8462930700401279,49.58,0.871,5.186,93.8,25.3,3.343568268825519,NO,9.856,14.1424,Lake,43,1.5325
149,15.4,1.0057547653081238,49.58,0.871,5.597,94.9,25.3,3.065724645374026,NO,10.108,15.1232,None,48,1.5225
150,21.5,0.5047673091820267,49.58,0.871,6.122,97.3,25.3,2.6461747973841225,NO,5.53,12.172,River,34,1.6175
151,19.6,0.4030087604214572,49.58,0.871,5.404,100.0,25.3,2.5862591440482876,NO,6.492,11.1568,River,42,1.5899999999999999
152,15.3,0.11918649479116296,49.58,0.871,5.012,88.0,25.3,2.4948569806411682,YES,5.406,10.1224,None,46,1.6099999999999999
153,19.4,0.7650863740410299,49.58,0.871,5.709,98.5,25.3,2.7593768282675506,NO,6.088,12.1552,None,58,1.6225
154,17.0,0.3463164798105087,49.58,0.871,6.129,96.0,25.3,2.716018370751387,NO,7.44,15.136,Lake and River,48,1.7475
155,15.6,1.262716128198849,49.58,0.871,6.152,82.6,25.3,2.7093826463359885,NO,9.912,11.1248,River,37,1.7475
156,13.1,0.8947320035347462,49.58,0.871,5.272,94.0,25.3,2.7813006628418027,NO,6.362,10.1048,River,60,1.735
157,41.3,0.2017809879501736,49.58,0.605,6.943,97.4,25.3,1.5238800240724537,YES,8.226,13.3304,None,57,1.8775
158,24.3,0.2947867741817126,49.58,0.605,6.066,100.0,25.3,1.860974538249528,NO,8.886,13.1944,River,46,1.7575
159,23.3,0.3541858487098422,49.58,0.871,6.51,100.0,25.3,2.0001277349601105,YES,7.166,12.1864,Lake,36,1.7675
160,27.0,0.24173760544271178,49.58,0.605,6.25,92.6,25.3,1.7047480922384253,YES,8.44,12.216,Lake,23,1.7999999999999998
161,50.0,0.3807351614875533,49.58,0.605,7.489,90.8,25.3,0.5481214085096876,YES,10.5,11.4,None,35,1.9699999999999998
162,50.0,0.6063739570277114,49.58,0.605,7.802,98.2,25.3,0.6523251860396901,YES,8.4,12.4,Lake,22,2.0424999999999995
163,50.0,0.4180653900839028,49.58,0.605,8.375,93.9,25.3,1.199964782928397,YES,8.0,12.4,River,57,2.1624999999999996
164,22.7,0.8075288826786605,49.58,0.605,5.854,91.8,25.3,2.454447442303292,YES,8.354,15.1816,Lake,56,2.4225
165,25.0,1.072952541887532,49.58,0.605,6.101,93.0,25.3,2.2834022735772717,YES,10.0,12.2,River,22,2.2825
166,50.0,0.6982292449667389,49.58,0.605,7.929,96.2,25.3,1.308332819650179,YES,8.3,15.4,River,37,2.0475
167,23.8,0.5879422083601638,49.58,0.605,5.877,79.2,25.3,2.4965057856313524,YES,10.076,10.1904,Lake,22,2.4250000000000003
168,23.8,0.833083020857462,49.58,0.605,6.319,96.1,25.3,2.4069451083182885,NO,6.676,11.1904,None,23,2.1
169,22.3,0.8958961694189218,49.58,0.605,6.402,95.2,25.3,2.4265710727750367,NO,5.546,15.1784,Lake and River,22,2.2625
170,17.4,0.18848585176179927,49.58,0.605,5.875,94.6,25.3,2.6693093727857793,NO,7.948,11.1392,Lake,28,2.425
171,19.1,0.838934412625926,49.58,0.605,5.88,97.3,25.3,2.4874035299865875,NO,9.782,12.1528,River,54,2.39
172,23.1,-1.9722746584866417,34.05,0.51,5.572,88.5,23.4,2.6871669901857858,NO,9.362,12.1848,River,38,2.5975
173,23.6,-2.3883608700154495,34.05,0.51,6.416,84.1,23.4,2.201659174404085,YES,9.872,10.1888,None,59,2.6475
174,22.6,-2.4713588372427315,34.05,0.51,5.859,68.7,23.4,2.265921108622454,YES,9.752,15.1808,River,35,2.7025
175,29.4,-2.70845028112355,34.05,0.51,6.546,33.1,23.4,1.673351238177753,YES,6.188,12.2352,None,48,3.13
176,23.2,-2.656122108241851,34.05,0.51,6.02,47.2,23.4,2.3135250330323798,YES,8.564,15.1856,Lake,49,3.5549999999999997
177,24.6,-2.9141522865615683,34.05,0.51,6.315,73.4,23.4,1.8389610707123492,YES,7.092,14.1968,Lake,31,3.32
178,29.9,-2.7117570630335366,34.05,0.51,6.86,74.4,23.4,1.9344157696295783,NO,5.898,11.2392,None,28,2.9124999999999996
179,37.2,-2.8507665033038054,32.46,0.488,6.98,58.4,22.2,1.6174060820832772,NO,9.744,11.2976,Lake,50,2.83
180,39.8,-2.719920373672698,32.46,0.488,7.765,83.3,22.2,2.0228711901914416,YES,8.496,14.3184,Lake and River,60,2.74
181,36.2,-2.675389418862662,32.46,0.488,6.144,62.2,22.2,2.2460147415056513,YES,6.624,15.2896,River,59,2.5975
182,37.9,-2.3965661564649396,32.46,0.488,7.155,92.2,22.2,1.572773928062509,YES,9.258,15.3032,River,56,2.6975
183,32.5,-2.3017854128234814,32.46,0.488,6.563,95.6,22.2,1.7369512327330598,YES,7.35,14.26,Lake,60,2.845
184,26.4,-2.4879512799742254,32.46,0.488,5.604,89.8,22.2,2.637627736805664,YES,9.928,10.2112,Lake,27,2.99
185,29.6,-2.8056079046970153,32.46,0.488,6.153,68.8,22.2,2.5764217586237734,YES,8.192,11.2368,Lake,45,3.2800000000000002
186,50.0,-2.882046509150175,32.46,0.488,7.831,53.6,22.2,1.4929040961781488,YES,6.0,13.4,Lake,35,3.2
187,32.0,-2.5414770012763945,33.44,0.437,6.782,41.1,24.8,1.8991179875485542,YES,7.84,13.256,River,23,3.7874999999999996
188,29.8,-2.073141429131356,33.44,0.437,6.556,29.1,24.8,1.5173226235262947,YES,7.596,10.2384,River,40,4.5675
189,34.9,-2.4805163014867073,33.44,0.437,7.185,38.9,24.8,1.6845453849209058,NO,9.298,14.2792,River,20,4.5675
190,33.0,-2.400418453342809,33.44,0.437,6.951,21.5,24.8,1.62924053973028,NO,6.16,11.264,None,55,6.4799999999999995
191,30.5,-2.672055840878834,33.44,0.437,6.739,30.8,24.8,1.545432582458188,NO,8.81,11.244,None,40,6.4799999999999995
192,36.4,-2.445993676289402,33.44,0.437,7.178,26.3,24.8,1.0543120297715298,YES,10.528,11.2912,Lake,40,6.4775
193,31.1,-3.8226394442934604,32.93,0.401,6.8,9.9,24.4,1.6154199841116479,NO,6.822,13.2488,River,24,6.22
194,29.1,-4.241221758082861,32.93,0.401,6.604,18.8,24.4,1.4770487243883548,NO,9.282,14.2328,River,59,6.22
195,50.0,-4.282362311560936,30.46,0.422,7.875,32.0,25.6,1.0885619528146082,YES,8.2,14.4,River,26,5.65
196,33.3,-3.2161295992001757,31.52,0.404,7.287,34.1,27.4,1.4060969884160703,YES,7.266,15.2664,Lake and River,20,7.31
197,30.3,-3.064868012388853,31.52,0.404,7.107,36.6,27.4,2.152924318439639,YES,6.906,14.2424,Lake and River,24,7.3100000000000005
198,34.6,-3.2786258292739747,31.52,0.404,7.274,38.3,27.4,1.890095369948917,NO,10.192,14.2768,Lake,43,7.3100000000000005
199,34.9,-3.4577677331505496,31.47,0.403,6.975,15.3,23.0,1.5173226235262947,YES,7.998,13.2792,None,24,7.6525
200,32.9,-4.029681048896379,31.47,0.403,7.135,13.9,23.0,1.4929040961781488,NO,5.958,10.2632,Lake,22,7.6525
201,24.1,-3.3682462815224694,32.03,0.415,6.162,38.4,25.3,2.005525858729668,YES,7.782,12.1928,River,32,6.2725
202,42.3,-3.827222403735681,32.03,0.415,7.61,15.7,25.3,1.1346227261911428,NO,10.546,14.3384,Lake and River,30,6.2675
203,48.5,-3.349554148510317,32.68,0.4161,7.853,33.2,25.3,1.3376291891386096,NO,8.77,11.388,None,22,5.1175
204,50.0,-3.907533100155294,32.68,0.4161,8.034,31.9,25.3,1.0577902941478545,YES,8.9,15.4,River,51,5.120000000000001
205,22.6,-1.9920169167555637,40.59,0.489,5.891,22.3,21.4,2.386006701133118,YES,7.952,15.1808,River,26,3.9475000000000002
206,24.4,-1.471024705280474,40.59,0.489,6.326,52.5,21.4,2.395164274287139,YES,6.688,11.1952,River,52,4.3575
207,22.5,-1.3783658747977692,40.59,0.489,5.783,72.7,21.4,2.8936995479888394,YES,7.95,10.18,None,38,4.3525
208,24.4,-1.996056732745905,40.59,0.489,6.064,59.1,21.4,2.6851226964585053,YES,6.888,14.1952,None,31,4.24
209,20.0,-0.8307783945499413,40.59,0.489,5.344,100.0,21.4,3.139399623366404,NO,7.9,13.16,None,60,3.875
210,21.7,-1.7460597899770645,40.59,0.489,5.96,92.1,21.4,2.848970892158587,YES,8.034,12.1736,None,36,3.875
211,19.3,-0.9787514132167605,40.59,0.489,5.404,88.6,21.4,3.177220149599368,NO,5.986,14.1544,River,39,3.665
212,22.4,-1.5269827324979075,40.59,0.489,5.807,53.8,21.4,2.7744619666214616,YES,6.848,13.1792,River,20,3.6525
213,28.1,-1.9624054515845106,40.59,0.489,6.375,32.3,21.4,2.238579763018133,YES,7.562,10.2248,None,3,3.9450000000000003
214,23.7,-1.2394272853103383,40.59,0.489,5.412,9.8,21.4,3.386083743852107,YES,5.674,11.1896,None,21,3.59
215,25.0,-1.6193872432877685,40.59,0.489,6.182,42.4,21.4,2.248128907197987,YES,,12.2,Lake,30,3.9475000000000007
216,23.3,-3.0878475624617967,43.89,0.55,5.888,56.0,23.6,2.6034301519721073,YES,5.466,12.1864,Lake and River,22,3.1125
217,28.7,-2.657404616433318,43.89,0.55,6.642,85.1,23.6,2.2710944259026746,NO,9.274,14.2296,None,23,3.42
218,21.5,-2.2010217775846046,43.89,0.55,5.951,93.8,23.6,2.8859174075467844,YES,8.73,14.172,None,49,2.8899999999999997
219,23.0,-2.169366249207823,43.89,0.55,6.373,92.4,23.6,2.3513752571634776,YES,6.16,13.184,None,21,3.3649999999999998
220,26.7,-1.0269709275282342,36.2,0.507,6.951,88.5,22.6,2.2731562823032334,NO,8.734,11.2136,River,23,2.86
221,21.7,-0.8971991416186345,36.2,0.507,6.164,91.3,22.6,3.0661907372025525,YES,5.734,14.1736,None,37,3.0475
222,27.5,-0.47231028753765686,36.2,0.507,6.879,77.7,22.6,2.295560478057081,YES,9.45,12.22,Lake and River,50,3.2725
223,30.1,-0.48662093506917325,36.2,0.507,6.618,80.8,22.6,2.028148247292285,YES,9.702,12.2408,River,39,3.27
224,44.8,-1.1541355694787643,36.2,0.504,8.266,78.3,22.6,1.4206957878372228,YES,6.796,12.3584,Lake,47,2.895
225,50.0,-0.6406875665875832,36.2,0.504,8.725,83.0,22.6,1.5325568680981427,YES,7.5,13.4,River,20,2.8925
226,37.6,-0.9619682453708077,36.2,0.504,8.04,86.5,22.6,1.1410330045520618,YES,5.952,10.3008,Lake and River,54,3.215
227,31.6,-0.8858100246205681,36.2,0.504,7.163,79.9,22.6,1.8500283773520307,NO,6.332,10.2528,River,34,3.2175
228,46.7,-1.210024411754371,36.2,0.504,7.686,17.0,22.6,1.366091653802371,YES,10.134,14.3736,Lake,43,3.3774999999999995
229,31.5,-0.8169432583734566,36.2,0.504,6.552,21.4,22.6,1.324418957401803,YES,7.33,15.252,None,47,3.3725
230,24.3,-0.6217571844732723,36.2,0.504,5.981,68.1,22.6,2.4553061800117097,NO,8.286,10.1944,None,59,3.6750000000000003
231,31.7,-0.7701146217165538,36.2,0.504,7.412,76.9,22.6,1.6582280766035324,YES,6.734,10.2536,None,26,3.6725
232,41.7,-0.5528810174993176,36.2,0.507,8.337,73.3,22.6,0.9042181506398859,YES,6.634,11.3336,River,28,3.84
233,48.3,-1.1042179711889437,36.2,0.507,8.247,70.4,22.6,1.3737155789130306,YES,9.066,11.3864,None,23,3.6500000000000004
234,29.0,-0.8031629596059677,36.2,0.507,6.726,66.5,22.6,2.0856720914304723,YES,9.88,13.232,River,32,3.6525
235,24.0,-1.1072999170656752,36.2,0.507,6.086,61.5,22.6,2.3869262414277967,YES,9.18,14.192,None,57,3.6500000000000004
236,25.1,-0.6528117043705424,36.2,0.507,6.631,76.5,22.6,2.255493485460195,YES,9.402,15.2008,Lake and River,36,4.1475
237,31.5,-0.6697627403272094,36.2,0.507,7.358,71.6,22.6,1.5539252025038417,YES,10.53,12.252,River,34,4.1475
238,23.7,-2.4956845229598787,34.93,0.428,6.481,18.5,23.4,1.8500283773520307,YES,7.374,12.1896,Lake and River,48,6.1899999999999995
239,23.3,-2.3803304416188986,34.93,0.428,6.606,42.2,23.4,1.9974177062012453,NO,5.566,15.1864,Lake and River,51,6.1899999999999995
240,27.0,-2.1778043760967396,34.93,0.428,6.897,54.3,23.4,2.431857428698185,YES,10.24,11.216,None,24,6.335000000000001
241,20.1,-2.243184749712598,34.93,0.428,6.095,65.1,23.4,2.517696472610991,NO,8.302,13.1608,None,41,6.335
242,22.2,-2.2739976361421332,34.93,0.428,6.358,52.9,23.4,2.4176979000945504,YES,6.044,10.1776,River,42,7.035
243,23.7,-2.0590900454319385,34.93,0.428,6.393,7.8,23.4,1.6467336971777973,YES,7.374,15.1896,River,26,7.0375
244,17.6,-1.5794908360661482,35.86,0.431,5.593,76.5,20.9,2.5257286443082556,NO,6.252,12.1408,None,42,7.955
245,18.5,-1.6537555930852257,35.86,0.431,5.605,70.2,20.9,2.9156062290747062,YES,9.27,10.148,None,59,7.955
246,24.3,-1.0793097864136123,35.86,0.431,6.108,34.9,20.9,2.214846178686039,YES,7.086,11.1944,None,25,8.055
247,20.5,-1.6267366770124299,35.86,0.431,6.226,79.2,20.9,2.3174737054877963,NO,9.81,12.164,River,31,8.055
248,24.5,-1.805513625460718,35.86,0.431,6.433,49.1,20.9,2.253394848803274,YES,8.39,15.196,River,43,7.8275
249,26.2,-1.6568964635938017,35.86,0.431,6.718,17.5,20.9,1.8809906029559975,YES,9.324,11.2096,None,39,7.824999999999999
250,24.4,-1.9639722918737217,35.86,0.431,6.487,13.0,20.9,1.7749523509116738,YES,6.188,14.1952,River,38,7.3975
251,24.8,-1.541358791623506,35.86,0.431,6.438,8.9,20.9,1.2781522025001875,NO,10.296,12.1984,Lake,50,7.3975
252,29.6,-2.498478329818095,35.86,0.431,6.957,6.8,20.9,1.2612978709452054,NO,8.992,12.2368,Lake and River,57,8.905000000000001
253,42.8,-0.9971212497887038,35.86,0.431,8.259,8.4,20.9,1.264126727145683,NO,10.856,13.3424,River,53,8.9075
254,21.9,-3.0326037483298958,33.64,0.392,6.108,32.0,23.6,1.8825138324965192,NO,6.538,12.1752,River,56,9.217500000000001
255,20.9,-3.338786121540758,33.64,0.392,5.876,19.1,23.6,2.224623551524334,NO,7.818,15.1672,None,31,9.22
256,44.0,-4.174687314904639,33.75,0.394,7.454,34.2,24.1,1.1346227261911428,NO,6.68,13.352,River,38,6.335
257,50.0,-0.4917749130751902,33.97,0.647,8.704,86.9,27.0,1.6331544390514163,YES,8.6,11.4,River,54,1.8025
258,36.0,-0.4102113537333973,33.97,0.647,7.333,100.0,27.0,2.052840859882657,YES,8.02,15.288,River,58,1.8925000000000003
259,30.1,-0.4206041269509682,33.97,0.647,6.842,100.0,27.0,1.9315214116032138,YES,7.302,11.2408,River,40,2.0125
260,33.8,-0.6159824564648956,33.97,0.647,7.203,81.8,27.0,2.2607208888953467,YES,,11.2704,Lake,21,2.1125
261,43.1,-0.6271347461663738,33.97,0.647,7.52,89.4,27.0,1.9823798288367047,YES,6.662,11.3448,Lake and River,24,2.1375
262,48.8,-0.6536572728735329,33.97,0.647,8.398,91.5,27.0,1.776645831418007,YES,10.076,15.3904,River,24,2.2875
263,31.0,-0.1920567907821121,33.97,0.647,7.327,94.5,27.0,2.4203681286504293,YES,5.72,11.248,None,60,2.08
264,36.5,-0.5977097361268342,33.97,0.647,7.206,91.6,27.0,2.0918640616783932,YES,8.53,14.292,River,36,1.93
265,22.8,-0.2723075353455809,33.97,0.647,5.56,62.8,27.0,2.34660197841082,NO,7.456,13.1824,None,59,1.9850000000000003
266,30.7,-0.2411802388003612,33.97,0.647,7.014,84.6,27.0,2.6939512767227085,NO,6.114,10.2456,River,41,2.1325
267,50.0,-0.5475933479582054,33.97,0.575,8.297,67.0,27.0,2.0068708488450007,YES,8.0,15.4,None,42,2.42
268,43.5,-0.6152606419028741,33.97,0.575,7.47,52.6,27.0,1.1505720275988207,NO,9.07,15.348,Lake,43,2.87
269,20.7,-2.400749341781277,36.96,0.464,5.92,61.5,21.4,2.613739521630969,NO,10.414,14.1656,Lake and River,29,3.9175
270,21.1,-1.2067767316586704,36.96,0.464,5.856,42.1,21.4,2.5649493574615367,YES,6.222,15.1688,None,27,4.43
271,25.2,-1.8194801618286551,36.96,0.464,6.24,16.3,21.4,1.8855533485144158,NO,6.604,10.2016,River,25,4.43
272,24.4,-2.166307474701498,36.96,0.464,6.538,58.7,21.4,2.0451088625993306,YES,8.488,13.1952,River,40,3.9175
273,35.2,-1.5056185837951033,36.96,0.464,7.691,51.8,21.4,1.884034745337226,YES,6.004,10.2816,River,39,4.3675
274,32.4,-2.874577151997524,36.41,0.447,6.758,32.9,22.4,1.2612978709452054,NO,10.648,12.2592,River,30,4.08
275,32.0,-2.3429905076290845,36.41,0.447,6.854,42.8,22.4,1.091923300517313,YES,8.84,12.256,River,23,4.2675
276,33.2,-2.2567516766508735,36.41,0.447,7.267,49.0,22.4,1.80005827204275,NO,8.564,11.2656,Lake,35,4.7875
277,33.1,-2.7924649522445737,36.41,0.447,6.826,27.6,22.4,1.425515074273172,NO,6.262,11.2648,River,21,4.8625
278,29.1,-2.5284824325048763,36.41,0.447,6.482,32.1,22.4,1.9726911717329554,YES,6.282,10.2328,River,38,4.1375
279,35.1,-1.558839859671009,33.33,0.4429,6.812,32.2,25.1,1.5789787049493917,NO,9.602,12.2808,Lake,26,4.1
280,45.4,-3.330366200901564,33.33,0.4429,7.82,64.5,25.1,1.324418957401803,NO,7.108,10.3632,None,50,4.695
281,35.4,-3.295486927240041,33.33,0.4429,6.968,37.2,25.1,1.5238800240724537,YES,8.508,14.2832,None,48,5.245
282,46.0,-2.7921385814844966,33.33,0.4429,7.645,49.7,25.1,1.1019400787607843,YES,8.72,12.368,Lake,25,5.21
283,50.0,-4.199038633336767,31.21,0.401,7.923,24.8,26.4,1.1505720275988207,YES,8.7,13.4,Lake,20,5.885
284,32.2,-4.703886158927249,32.97,0.4,7.088,20.8,24.7,2.060513531794317,YES,7.844,12.2576,Lake and River,30,7.307500000000001
285,22.0,-4.513502997462267,32.25,0.389,6.453,31.9,24.7,2.1077860146889784,YES,10.44,14.176,None,55,7.3075
286,20.1,-3.929677940666867,31.76,0.385,6.23,31.5,21.8,2.559550192783766,YES,8.302,10.1608,None,39,9.0875
287,23.2,-3.25165731439258,35.32,0.405,6.209,31.3,23.4,1.965712776351493,YES,9.964,14.1856,Lake,60,7.32
288,22.3,-3.0812901619156374,35.32,0.405,6.315,45.6,23.4,2.028148247292285,NO,5.846,12.1784,River,22,7.3175
289,24.8,-3.1472530811952333,35.32,0.405,6.565,22.9,23.4,2.252343876557299,NO,9.096,14.1984,None,60,7.3175
290,28.5,-3.351835952124431,34.95,0.411,6.861,27.9,20.8,1.2029723039923526,YES,8.07,11.228,River,53,5.1175
291,37.3,-2.540081150532656,34.95,0.411,7.148,27.7,20.8,1.269760544863939,YES,8.146,10.2984,None,37,5.1175
292,27.9,-3.3200783303773633,34.95,0.411,6.63,23.4,20.8,1.547562508716013,NO,8.458,12.2232,River,37,5.1175
293,23.9,-2.4931404547151037,43.92,0.437,6.127,18.4,24.0,2.149433913499871,YES,7.278,14.1912,River,46,5.505
294,21.7,-2.501157990374051,43.92,0.437,6.009,42.3,24.0,2.341805806147327,NO,8.834,11.1736,Lake,23,5.5025
295,28.6,-2.045465326124905,43.92,0.437,6.678,31.1,24.0,1.8357763546448294,YES,6.972,10.2288,River,44,5.96
296,27.1,-2.9239699073271,43.92,0.437,6.549,51.0,24.0,2.0001277349601105,NO,10.442,10.2168,None,26,5.9624999999999995
297,20.3,-1.9587826452779884,43.92,0.437,5.79,58.0,24.0,2.7625383863862796,YES,7.606,11.1624,None,42,6.32
298,22.5,-2.73861250668485,32.24,0.4,6.345,20.1,25.2,1.6034198401085373,NO,9.45,13.18,Lake,48,7.8275
299,29.0,-2.8893922377826646,32.24,0.4,7.041,10.0,25.2,1.556037135706985,YES,7.98,11.232,Lake,36,7.829999999999999
300,24.8,-3.119709453373702,32.24,0.4,6.871,47.4,25.2,1.803358605071407,YES,9.096,11.1984,River,29,7.827500000000001
301,22.0,-3.341891275764748,36.09,0.433,6.59,40.4,23.9,2.2512917986064953,YES,9.94,12.176,River,21,5.494999999999999
302,26.4,-2.3788183989936345,36.09,0.433,6.495,18.4,23.9,2.1598687907924505,YES,7.928,11.2112,Lake and River,42,5.49
303,33.1,-2.3025850929940455,36.09,0.433,6.982,17.7,23.9,1.5810384379124025,NO,8.262,14.2648,None,34,5.4925
304,36.1,-2.8976985332826257,32.18,0.472,7.236,41.1,21.6,1.9358598132018119,NO,6.922,10.2888,River,55,4.0225
305,28.4,-2.904247583431813,32.18,0.472,6.616,58.1,21.6,2.189416394888408,NO,6.568,15.2272,None,22,3.37
306,33.4,-2.5898672454244998,32.18,0.472,7.42,71.9,21.6,1.8671761085128091,YES,10.668,12.2672,River,23,3.1
307,28.2,-3.0094256006859936,32.18,0.472,6.849,70.3,21.6,2.018895041811802,YES,10.464,12.2256,Lake and River,46,3.1825
308,22.8,-0.707286673713667,39.9,0.544,6.635,82.5,21.6,1.5129270120532565,NO,7.156,11.1824,River,31,3.3175
309,20.3,-1.051537881282181,39.9,0.544,5.972,76.7,21.6,2.299580583973747,YES,10.106,11.1624,None,51,3.1025
310,16.1,0.9690653285914825,39.9,0.544,4.973,37.8,21.6,2.5368663887187113,NO,7.322,11.1288,River,27,2.5175
311,22.1,-0.23520348080665032,39.9,0.544,6.122,52.8,21.6,1.7884205679625405,YES,8.242,15.1768,River,46,2.6375
312,19.4,-1.3405946818689003,39.9,0.544,6.023,90.4,21.6,2.4612967841488667,YES,6.288,13.1552,None,26,2.8325
313,21.6,-1.3116322568114682,39.9,0.544,6.266,82.8,21.6,2.066862759472976,YES,8.832,14.1728,None,33,3.2624999999999997
314,23.8,-0.9964167763534401,39.9,0.544,6.567,87.3,21.6,2.2278615467981093,YES,9.576,13.1904,Lake,56,3.6050000000000004
315,16.2,-1.3721547975661714,39.9,0.544,5.705,77.7,21.6,2.4423470353692043,NO,6.724,12.1296,River,58,3.945
316,17.8,-1.1448551998428471,39.9,0.544,5.914,83.2,21.6,2.9085390618516134,NO,7.256,12.1424,River,43,3.9975
317,19.8,-1.4055995121778961,39.9,0.544,5.782,71.7,21.6,2.768831673362069,NO,9.796,12.1584,River,50,4.035
318,23.1,-0.911253440356887,39.9,0.544,6.382,67.2,21.6,2.337952236831337,NO,5.562,10.1848,None,53,3.5325
319,21.0,-0.7434514904696932,39.9,0.544,6.113,58.8,21.6,2.543961412569315,NO,10.32,12.168,Lake and River,36,4.0024999999999995
320,23.8,-1.7861750909341545,37.38,0.493,6.426,52.3,20.4,1.9740810260220096,YES,6.776,13.1904,River,48,4.5425
321,23.1,-1.7060038804104314,37.38,0.493,6.376,54.3,20.4,1.927164106234258,YES,7.762,14.1848,Lake,40,4.54
322,20.4,-1.0465702746410745,37.38,0.493,6.041,49.9,20.4,2.0412203288596382,NO,8.908,13.1632,None,40,4.7225
323,18.5,-1.259062770643896,37.38,0.493,5.708,74.3,20.4,2.4630018143999504,YES,6.57,15.148,None,25,4.72
324,25.0,-1.0756089069031467,37.38,0.493,6.415,40.1,20.4,1.8115620965242347,NO,8.6,15.2,River,52,4.72
325,24.6,-1.6509893395923356,37.38,0.493,6.431,14.7,20.4,1.6253112615903906,NO,7.992,15.1968,None,45,5.4175
326,23.0,-1.1924725201557291,37.38,0.493,6.312,28.9,20.4,1.8164520818184267,YES,7.06,12.184,River,36,5.4175
327,22.2,-1.4228338719108389,37.38,0.493,6.083,43.7,20.4,2.548663615590751,NO,9.044,15.1776,None,27,5.415
328,19.3,-2.715528090958169,33.24,0.46,5.868,25.8,23.1,2.299580583973747,YES,9.986,10.1544,Lake,35,5.217499999999999
329,22.6,-2.6994869704417224,33.24,0.46,6.333,17.2,23.1,1.9933388426264242,NO,5.552,14.1808,None,53,5.215
330,19.8,-3.091362504569241,33.24,0.46,6.144,32.2,23.1,2.2071749081893874,NO,9.396,11.1584,River,26,5.875
331,17.1,-2.991142821220184,36.06,0.4379,5.706,28.4,23.1,2.5201129055226197,NO,6.742,14.1368,Lake,21,6.640000000000001
332,19.4,-3.362168994694677,36.06,0.4379,6.031,23.3,23.1,2.057962510002712,YES,7.488,14.1552,None,22,6.640000000000001
333,22.2,-2.979268547523326,35.19,0.515,6.316,38.1,19.8,1.7369512327330598,NO,9.144,11.1776,None,34,6.4575000000000005
334,20.7,-3.2866194769547206,35.19,0.515,6.31,38.5,19.8,1.9095425048844386,YES,7.514,15.1656,Lake and River,53,6.46
335,21.1,-3.228673667348312,35.19,0.515,6.037,34.5,19.8,2.080690761080268,YES,8.922,14.1688,None,57,5.985
336,19.5,-3.3734849430956197,35.19,0.515,5.869,46.3,19.8,2.2823823856765264,NO,10.09,15.156,River,53,5.23
337,18.5,-3.4929837772928636,35.19,0.515,5.895,59.6,19.8,2.3570732782781154,YES,8.27,12.148,River,21,5.615
338,20.6,-3.409431186589259,35.19,0.515,6.059,37.3,19.8,2.1412419425852827,YES,8.112,14.1648,River,26,4.8125
339,19.0,-2.900967697109568,35.19,0.515,5.985,45.4,19.8,2.2762411176544437,NO,6.38,11.152,Lake,28,4.8125
340,18.7,-2.78855551576186,35.19,0.515,5.968,58.5,19.8,2.2289385528257473,YES,6.474,13.1496,None,20,4.8125
341,32.7,-4.342036986457723,31.52,0.442,7.241,49.3,24.5,1.7029282555214393,YES,6.254,13.2616,None,48,7.0375000000000005
342,16.5,-3.6896797742847056,31.89,0.518,6.54,59.7,24.1,2.157559320943788,YES,7.33,11.132,River,40,6.267499999999999
343,23.9,-3.671825699548109,33.78,0.484,6.696,56.4,22.4,1.9712993830601329,YES,8.978,15.1912,Lake and River,52,5.732500000000001
344,31.2,-3.4903565179819735,33.78,0.484,6.874,28.1,22.4,1.5282278570085572,NO,10.624,11.2496,River,23,6.465000000000001
345,17.5,-3.4695832945286202,34.39,0.442,6.014,48.5,21.2,2.354228326145884,YES,7.15,13.14,Lake,26,8.0125
346,17.2,-2.786768785813615,34.39,0.442,5.898,52.3,21.2,2.5392369943330477,NO,6.044,13.1376,River,46,8.015
347,23.1,-3.979231755121596,34.15,0.429,6.516,27.7,22.1,1.8500283773520307,YES,8.162,12.1848,Lake,47,8.537499999999998
348,24.5,-4.199038633336767,32.01,0.435,6.635,29.7,23.0,1.7900914121273581,YES,6.29,13.196,None,45,8.3425
349,26.6,-3.540804336048573,31.25,0.429,6.939,34.5,20.3,1.7732559976634952,YES,5.632,11.2128,None,30,8.795
350,22.9,-2.7788482724109254,31.25,0.429,6.49,44.4,20.3,1.7884205679625405,NO,7.258,15.1832,River,55,8.7925
351,24.1,-2.5319982573218507,31.69,0.411,6.579,35.9,21.7,1.7029282555214393,YES,5.582,10.1928,River,45,10.712499999999999
352,18.6,-2.6249966459669243,31.69,0.411,5.884,18.5,21.7,2.052840859882657,YES,7.372,11.1488,River,50,10.7125
353,30.1,-4.069261781854637,32.02,0.41,6.728,36.1,23.0,1.5040773967762742,YES,6.102,12.2408,Lake,40,12.1275
354,18.2,-3.146322632186492,31.91,0.413,5.663,21.9,18.0,2.0856720914304723,NO,8.764,12.1456,None,34,10.585
355,20.6,-2.2387655802810915,31.91,0.413,5.936,19.5,18.0,1.7173950539391927,NO,9.312,13.1648,River,53,10.584999999999999
356,17.8,2.195329449381762,48.1,0.77,6.212,97.4,19.8,2.8678989020441064,NO,5.956,14.1424,None,39,2.1225
357,21.7,1.347995223185688,48.1,0.77,6.395,91.0,19.8,2.5855058483441162,NO,7.034,13.1736,Lake,56,2.505
358,22.7,1.6489989522850654,48.1,0.77,6.127,83.4,19.8,2.4406063908914204,NO,6.354,15.1816,Lake and River,42,2.7225
359,22.6,1.4495766247463249,48.1,0.77,6.112,81.3,19.8,2.5392369943330477,NO,,14.1808,Lake,26,2.5075000000000003
360,25.0,1.5133498301420758,48.1,0.77,6.398,88.0,19.8,2.052840859882657,NO,8.8,10.2,None,37,2.5175
361,19.9,1.3446491111511765,48.1,0.77,6.251,91.1,19.8,2.6525374911719513,YES,8.898,13.1592,River,56,2.295
362,20.8,1.302428939510188,48.1,0.77,5.362,96.2,19.8,2.321406847234633,NO,8.016,14.1664,Lake,52,2.105
363,16.8,1.4404013184427842,48.1,0.77,5.803,89.0,19.8,2.6837575085331657,YES,9.736,15.1344,Lake and River,57,1.9049999999999998
364,21.9,1.2453872633044583,48.1,0.718,8.78,82.9,19.8,1.665818245870208,NO,8.038,12.1752,River,26,1.9049999999999998
365,27.5,1.5164165113762587,48.1,0.718,3.561,87.9,19.8,1.9629077254238845,YES,8.05,12.22,River,51,1.6124999999999998
366,21.9,1.3075081553837307,48.1,0.718,4.963,91.4,19.8,2.6390573296152584,NO,10.238,14.1752,Lake,58,1.75
367,23.1,2.6043327792705377,48.1,0.631,3.863,100.0,19.8,2.5900171341906173,NO,9.962,11.1848,Lake,24,1.5075
368,50.0,1.5888718738136338,48.1,0.631,4.97,100.0,19.8,1.1817271953786161,NO,9.7,13.4,River,41,1.3325
369,50.0,1.735185590396579,48.1,0.631,6.683,96.8,19.8,1.3164082336557241,YES,6.7,15.4,River,58,1.355
370,50.0,1.8777475450458079,48.1,0.631,7.016,97.5,19.8,1.085189268335969,YES,10.1,12.4,None,46,1.2
371,50.0,2.2227082049050155,48.1,0.631,6.216,100.0,19.8,2.254444717666111,YES,9.8,13.4,None,25,1.1700000000000002
372,50.0,2.1123019265293976,48.1,0.668,5.875,89.6,19.8,2.1838015570040787,YES,10.8,12.4,None,57,1.1275
373,13.8,2.4076745719247366,48.1,0.668,4.906,100.0,19.8,3.5487549460197703,YES,6.876,13.1104,None,56,1.175
374,13.8,2.9176734300532927,48.1,0.668,4.138,100.0,19.8,3.636796374243711,NO,7.076,13.1104,Lake,35,1.1375
375,15.0,2.9759937442034943,48.1,0.671,7.313,97.9,19.8,2.5982353350950036,NO,8.9,15.12,None,45,1.3175
376,13.9,2.727068206937972,48.1,0.671,6.649,93.3,19.8,3.1458749319837103,YES,9.478,15.1112,None,26,1.345
377,13.3,2.284776456376443,48.1,0.671,6.794,98.8,19.8,3.055886196373738,YES,6.066,14.1064,None,22,1.3575
378,13.1,3.163287002104859,48.1,0.671,6.38,96.2,19.8,3.165053018170694,YES,9.262,14.1048,Lake,54,1.3850000000000002
379,10.2,2.882938645078548,48.1,0.671,6.223,100.0,19.8,3.0809921175048145,NO,7.904,11.0816,Lake and River,46,1.3875
380,10.4,4.488368918239841,48.1,0.671,6.968,91.9,19.8,2.845490610223448,YES,9.408,14.0832,None,21,1.4175
381,10.9,2.764707748788905,48.1,0.671,6.545,99.1,19.8,3.0483247236731614,NO,8.618,10.0872,Lake and River,60,1.5175
382,11.3,2.2177916182761837,48.1,0.7,5.536,100.0,19.8,3.1612467120315646,YES,8.226,11.0904,River,46,1.5775
383,12.3,2.078501099602779,48.1,0.7,5.52,100.0,19.8,3.2011191032789417,NO,6.746,15.0984,Lake,41,1.535
384,8.8,2.9999682889589208,48.1,0.7,4.368,91.2,19.8,3.421979920844684,NO,5.676,14.0704,River,25,1.44
385,7.2,2.8220810208075364,48.1,0.7,5.277,98.1,19.8,3.4278393126085764,NO,10.144,13.0576,Lake and River,36,1.4275000000000002
386,10.5,3.194329001650042,48.1,0.7,4.652,100.0,19.8,3.342154841028372,YES,7.71,15.084,River,34,1.4675
387,7.4,3.1178215794606357,48.1,0.7,5.0,89.5,19.8,3.4654233539614268,NO,8.348,15.0592,Lake and River,54,1.52
388,10.2,2.6626134080936033,48.1,0.7,4.88,100.0,19.8,3.4216533902295376,NO,6.104,10.0816,Lake,25,1.59
389,11.5,2.09823140139806,48.1,0.7,5.39,98.9,19.8,3.0373539482448106,NO,6.03,12.092,Lake and River,51,1.73
390,15.1,1.9404883346900383,48.1,0.7,5.713,97.0,19.8,2.839663087904102,YES,9.702,11.1208,River,20,1.9250000000000003
391,23.2,1.6663946392699258,48.1,0.7,6.051,82.5,19.8,2.9317269435780786,YES,9.664,10.1856,River,53,2.17
392,9.7,2.449098108549207,48.1,0.7,5.036,97.0,19.8,3.2457124788217606,NO,5.494,14.0776,None,51,1.77
393,13.8,2.156953357037918,48.1,0.693,6.193,92.6,19.8,2.719319793360441,NO,9.076,14.1104,River,55,1.7925
394,12.7,2.592250197936567,48.1,0.693,5.887,94.7,19.8,2.7942278973432626,NO,6.754,15.1016,None,40,1.7825
395,13.1,2.165246462026569,48.1,0.693,6.471,98.8,19.8,2.840247370713596,NO,5.762,15.1048,Lake and River,29,1.7249999999999999
396,12.5,1.7702038062623382,48.1,0.693,6.405,96.0,19.8,2.9637254774189046,YES,5.45,11.1,River,24,1.675
397,8.5,2.037579944459908,48.1,0.693,5.747,98.9,19.8,2.991724252156452,NO,9.27,14.068,None,22,1.6349999999999998
398,5.0,3.646801462826533,48.1,0.693,5.453,100.0,19.8,3.420673158162812,NO,9.3,13.04,Lake,26,1.49
399,6.3,2.2942050785484422,48.1,0.693,5.852,77.8,19.8,3.4001968813285717,NO,6.726,14.0504,River,42,1.5
400,5.6,3.2207181267873874,48.1,0.693,5.987,100.0,19.8,3.2872818575322613,YES,9.212,11.0448,Lake,30,1.5899999999999999
401,7.2,2.655788016439399,48.1,0.693,6.343,100.0,19.8,3.011605622710281,YES,7.344,10.0576,None,50,1.575
402,12.1,2.2613161235954014,48.1,0.693,6.404,100.0,19.8,3.011113375592293,NO,5.442,14.0968,River,42,1.6375
403,8.3,3.2109121992086997,48.1,0.693,5.349,96.0,19.8,2.9841656371825254,YES,,15.0664,River,40,1.7025
404,8.5,3.726396794273884,48.1,0.693,5.531,85.4,19.8,3.3098128198603027,NO,8.47,11.068,None,56,1.6075
405,5.0,4.21834232049674,48.1,0.693,5.683,100.0,19.8,3.1346242724206097,YES,7.3,14.04,River,38,1.425
406,11.9,3.030916002888473,48.1,0.659,4.138,100.0,19.8,3.15016862685841,YES,8.538,14.0952,River,53,1.1775
407,27.9,2.4808233243503643,48.1,0.659,5.608,100.0,19.8,2.495681722955959,YES,6.658,13.2232,River,26,1.2874999999999999
408,17.2,2.0020055377667436,48.1,0.597,5.617,97.9,19.8,3.2733640101522705,NO,6.444,12.1376,River,25,1.455
409,27.5,2.6698843980022766,48.1,0.597,6.852,100.0,19.8,2.984671326194566,YES,7.65,14.22,Lake,57,1.4649999999999999
410,15.0,3.9344848389972373,48.1,0.597,5.757,100.0,19.8,2.3135250330323798,NO,9.6,11.12,River,52,1.4125
411,17.2,2.642672216602734,48.1,0.597,6.657,100.0,19.8,3.054944133185837,NO,9.644,14.1376,None,44,1.5274999999999999
412,17.9,2.9344418051108834,48.1,0.597,4.628,100.0,19.8,3.5371840908617425,NO,8.358,15.1432,None,40,1.555
413,16.3,3.35535586595285,48.1,0.597,5.155,100.0,19.8,2.9997242948235283,NO,6.626,14.1304,River,58,1.5875000000000001
414,7.0,3.8231065421862525,48.1,0.693,4.519,100.0,19.8,3.610377225958979,YES,6.04,12.056,River,40,1.6575000000000002
415,7.2,2.895060747382296,48.1,0.679,6.434,100.0,19.8,3.3690184832979204,NO,8.644,11.0576,None,59,1.835
416,7.5,2.3827077974677526,48.1,0.679,6.782,90.8,19.8,3.2499868198932536,YES,,10.06,River,35,1.82
417,10.4,3.2558093089214903,48.1,0.679,5.304,89.1,19.8,3.2824138456721883,YES,8.608,15.0832,Lake and River,60,1.65
418,8.8,4.297749244207548,48.1,0.679,5.957,100.0,19.8,3.026261478588814,NO,8.476,12.0704,None,52,1.8
419,8.4,2.469141361459595,48.1,0.718,6.824,76.5,19.8,3.12412548832239,NO,5.968,13.0672,None,26,1.7925
420,16.7,2.4058093284292976,48.1,0.718,6.411,100.0,19.8,2.7093826463359885,YES,6.034,13.1336,Lake and River,48,1.8575
421,14.2,1.9491320958628744,48.1,0.718,6.006,95.3,19.8,2.7536607123542622,NO,8.284,10.1136,None,29,1.875
422,20.8,2.488915271185359,48.1,0.614,5.648,87.6,19.8,2.6461747973841225,NO,8.916,11.1664,None,36,1.9525000000000001
423,13.4,1.9530871895177742,48.1,0.614,6.103,85.1,19.8,3.1480240838962494,NO,8.268,81.12,Lake,29,2.0225
424,11.7,2.173855865779787,48.1,0.584,5.565,70.6,19.8,2.8425810940598164,NO,7.834,11.0936,None,57,2.065
425,8.3,2.7638191315385248,48.1,0.679,5.896,95.4,19.8,3.194173212227829,YES,5.566,15.0664,Lake,51,1.9100000000000001
426,10.2,2.5052973394357343,48.1,0.584,5.837,59.7,19.8,2.753023566744941,NO,9.104,14.0816,None,33,1.9975
427,10.9,3.6286489733637057,48.1,0.679,6.202,78.7,19.8,2.67552700939665,NO,7.518,11.0872,Lake,42,1.8624999999999998
428,11.0,1.9970254990402692,48.1,0.679,6.193,78.1,19.8,3.0689827352935835,YES,8.52,12.088,River,45,1.9375000000000002
429,9.5,2.2341874014951975,48.1,0.679,6.38,95.6,19.8,3.1813816204406202,YES,8.79,12.076,None,52,1.9674999999999998
430,14.5,2.1391398522495066,48.1,0.584,6.348,86.1,19.8,2.8701690505786455,NO,9.09,11.116,River,53,2.055
431,14.1,2.3087957667707584,48.1,0.584,6.833,94.3,19.8,2.9801108926510342,YES,6.682,14.1128,Lake,29,2.0875
432,16.1,1.8631572244404297,48.1,0.584,6.425,74.8,19.8,2.4874035299865875,YES,8.722,10.1288,None,42,2.2
433,14.3,1.719380514282737,48.1,0.713,6.436,87.9,19.8,2.7862450486872667,NO,6.186,10.1144,Lake and River,46,2.3175
434,11.7,2.6328524045363078,48.1,0.713,6.208,95.0,19.8,2.719319793360441,NO,7.834,11.0936,None,37,2.2225
435,13.4,2.412371798604752,48.1,0.74,6.629,94.6,19.8,3.1471649773142003,NO,10.168,12.1072,Lake and River,46,2.125
436,9.6,2.6686716088200084,48.1,0.74,6.461,93.3,19.8,2.89314568477889,YES,6.092,10.0768,River,57,2.0
437,8.2,2.7197943017259636,48.1,0.74,6.152,100.0,19.8,3.2752561583043085,NO,9.864,11.0656,None,60,1.9125
438,8.4,2.6157960136595606,48.1,0.74,5.935,87.9,19.8,3.5269485869677157,YES,9.568,14.0672,None,57,1.82
439,12.8,2.2397123836213173,48.1,0.74,5.627,93.9,19.8,3.130263166511597,YES,8.456,15.1024,None,50,1.8175
440,10.5,3.093362487269874,48.1,0.74,5.818,92.4,19.8,3.096029994869355,NO,7.41,12.084,None,38,1.8649999999999998
441,17.1,2.274615567183416,48.1,0.74,6.406,97.2,19.8,2.9714395809849465,YES,9.242,15.1368,Lake and River,58,2.0675
442,14.8,1.7345487010764669,48.1,0.74,6.219,100.0,19.8,2.808800104202353,NO,7.096,14.1184,River,54,2.005
443,15.4,2.2992334826176704,48.1,0.74,6.485,100.0,19.8,2.93651291389402,NO,6.608,14.1232,River,21,1.9775
444,10.8,2.5496248422837064,48.1,0.74,5.854,96.6,19.8,3.1692653243148663,NO,5.516,12.0864,Lake and River,34,1.8974999999999997
445,11.8,2.3676047483679747,48.1,0.74,6.459,94.8,19.8,3.177220149599368,YES,5.336,12.0944,River,28,1.9875
446,14.9,1.8386541873804634,48.1,0.74,6.341,96.4,19.8,2.8786365016777435,NO,10.198,15.1192,None,41,2.0700000000000003
447,12.6,2.2950417131089202,48.1,0.74,6.251,96.6,19.8,2.799717389628034,YES,9.752,11.1008,None,37,2.1975
448,14.1,2.233137475268552,48.1,0.713,6.185,98.7,19.8,2.8975680247667595,YES,9.082,13.1128,None,52,2.2600000000000002
449,13.0,2.018365020897442,48.1,0.713,6.417,98.3,19.8,2.960623096440423,YES,8.06,12.104,None,27,2.1849999999999996
450,13.4,1.9047488112503523,48.1,0.713,6.749,92.6,19.8,2.8587664184808337,YES,9.068,13.1072,Lake,59,2.32
451,15.2,1.6939885977369975,48.1,0.713,6.655,98.2,19.8,2.8752581200861167,YES,8.104,11.1216,None,41,2.355
452,16.1,1.6273112288259213,48.1,0.713,6.297,91.8,19.8,2.848970892158587,NO,6.722,15.1288,None,21,2.3675
453,17.8,2.1099816583913045,48.1,0.713,7.393,99.3,19.8,2.817801065061329,YES,5.956,11.1424,River,42,2.4525
454,14.4,2.2527255071970935,48.1,0.713,6.728,94.1,19.8,2.9290581402859983,NO,5.888,14.1152,River,34,2.4975
455,14.1,1.5586434409821213,48.1,0.713,6.525,86.5,19.8,2.8975680247667595,NO,7.782,14.1128,River,36,2.435
456,12.7,1.540908504959681,48.1,0.713,5.976,87.9,19.8,2.944965156500338,NO,7.154,15.1016,River,31,2.5799999999999996
457,13.5,2.104204883476155,48.1,0.713,5.936,80.3,19.8,2.8296776892239084,NO,8.87,13.108,None,46,2.7800000000000002
458,14.9,2.047980543910968,48.1,0.713,6.301,83.7,19.8,2.7868613815264998,NO,5.598,15.1192,River,39,2.785
459,20.0,1.9170946562051687,48.1,0.713,6.081,84.4,19.8,2.6878474937846906,YES,5.4,14.16,Lake,27,2.7175
460,16.4,1.5711398135413612,48.1,0.713,6.701,90.0,19.8,2.7985001040242823,YES,9.428,12.1312,River,29,2.5974999999999997
461,17.7,1.3064689215086058,48.1,0.713,6.376,88.4,19.8,2.6844403354630764,YES,9.854,13.1416,None,24,2.565
462,19.5,1.8953564307380073,48.1,0.713,6.317,83.0,19.8,2.63834278867739,NO,5.89,15.156,River,22,2.735
463,20.2,1.7614978367258425,48.1,0.713,6.513,89.9,19.8,2.331172549845958,YES,8.804,15.1616,None,30,2.8025
464,21.4,2.059152095906768,48.1,0.655,6.209,65.4,19.8,2.5817308344235403,NO,7.828,11.1712,Lake and River,55,2.9650000000000003
465,19.9,1.1517106196631253,48.1,0.655,5.759,48.2,19.8,2.6483001966964363,NO,9.998,12.1592,None,43,3.065
466,19.0,1.3283950846737085,48.1,0.655,5.952,84.7,19.8,2.8419981736119486,YES,8.38,10.152,None,21,2.8725
467,19.1,1.486655400195455,48.1,0.584,6.003,94.5,19.8,3.0596455992976437,NO,9.482,13.1528,Lake and River,21,2.54
468,19.1,2.745712007483798,48.1,0.58,5.926,71.0,19.8,2.8975680247667595,NO,5.882,15.1528,None,28,2.91
469,20.1,2.570709658105296,48.1,0.58,5.713,56.7,19.8,2.6919208191723265,NO,6.302,13.1608,None,27,2.825
470,19.9,1.4698976454871284,48.1,0.58,6.167,84.0,19.8,2.790551422613954,NO,5.598,12.1592,River,36,3.035
471,19.6,1.3958510501498456,48.1,0.532,6.229,90.7,19.8,2.554899021608035,YES,8.692,13.1568,Lake and River,52,3.0975
472,23.2,1.272195779518779,48.1,0.58,6.437,75.0,19.8,2.664446563620078,YES,8.464,15.1856,Lake and River,39,2.895
473,29.8,1.5361981786369632,48.1,0.614,6.98,67.6,19.8,2.4561641809223462,YES,7.396,15.2384,Lake and River,56,2.5325
474,13.8,2.0863910875491882,48.1,0.584,5.427,95.4,19.8,2.8981194446869907,NO,9.076,11.1104,Lake and River,47,2.4275
475,13.3,1.855222412138693,48.1,0.584,6.162,97.4,19.8,3.1822118404966093,YES,9.066,11.1064,Lake,27,2.205
476,16.7,1.5833834229101753,48.1,0.614,6.484,93.6,19.8,2.9274534328006965,YES,6.134,14.1336,River,22,2.3024999999999998
477,12.0,2.7096089855662036,48.1,0.614,5.304,97.3,19.8,3.215269329274089,NO,9.34,15.096,Lake,39,2.1025
478,14.6,2.3256177921046186,48.1,0.614,6.185,96.7,19.8,2.8920370372152258,YES,5.292,15.1168,Lake,60,2.17
479,21.4,2.6626134080936033,48.1,0.614,6.229,88.0,19.8,2.5733752977756086,NO,6.128,10.1712,River,32,1.95
480,23.0,1.7619890279258779,48.1,0.532,6.242,64.7,19.8,2.3739750890807185,NO,8.56,13.184,River,22,3.4225
481,23.7,1.7419002338055392,48.1,0.532,6.75,74.9,19.8,2.046401687601636,NO,6.974,15.1896,None,46,3.3299999999999996
482,25.0,1.7459179535187497,48.1,0.532,7.061,77.0,19.8,1.9473377010464987,NO,5.5,11.2,Lake,29,3.41
483,21.8,1.036162251794904,48.1,0.532,5.762,40.3,19.8,2.343727036325221,NO,9.636,14.1744,Lake and River,57,4.1000000000000005
484,20.6,0.8664994667703585,48.1,0.583,5.871,41.9,19.8,2.590767040487478,YES,8.112,12.1648,Lake,31,3.7225
485,21.2,1.3011911623995625,48.1,0.583,6.312,51.9,19.8,2.3589654264301534,NO,9.024,13.1696,Lake and River,51,3.99
486,19.1,1.7390177579699948,48.1,0.583,6.114,79.8,19.8,2.7067159780890733,YES,8.582,12.1528,None,57,3.5449999999999995
487,20.6,1.576019692210814,48.1,0.583,5.905,53.2,19.8,2.4379897300002487,NO,8.412,11.1648,None,44,3.1500000000000004
488,15.2,-1.8914030245566522,57.74,0.609,5.454,92.7,19.9,2.8936995479888394,NO,6.004,14.1216,None,28,1.8199999999999998
489,7.0,-1.6962493094210638,57.74,0.609,5.414,98.3,19.9,3.176803048446293,NO,9.84,15.056,None,29,1.7575000000000003
490,8.1,-1.5728167289784551,57.74,0.609,5.093,98.0,19.9,3.39047341829918,YES,9.162,10.0648,Lake and River,49,1.8225000000000002
491,13.6,-2.2467720281748327,57.74,0.609,5.983,98.8,19.9,2.8942531046041373,NO,7.072,14.1088,None,47,1.8675
492,20.1,-2.195346342324447,57.74,0.609,5.983,83.5,19.9,2.5915163848462583,YES,8.902,13.1608,River,57,2.1075
493,21.8,-1.7526733805208532,39.69,0.585,5.707,54.0,20.8,2.485739636091892,YES,5.936,14.1744,River,31,2.3825000000000003
494,24.5,-1.2745025705164632,39.69,0.585,5.926,42.6,20.8,2.6093342281630525,YES,8.79,11.196,River,47,2.38
495,23.1,-1.7204253406237284,39.69,0.585,5.67,28.8,20.8,2.8678989020441064,NO,8.462,14.1848,Lake and River,55,2.8000000000000003
496,19.7,-1.2392546184705757,39.69,0.585,5.39,72.9,20.8,3.051166980442092,NO,,12.1576,River,44,2.7975
497,18.3,-1.3153513923093252,39.69,0.585,5.794,70.6,20.8,2.6461747973841225,YES,5.366,14.1464,Lake,55,2.8925
498,21.2,-1.4307897610064546,39.69,0.585,6.019,65.3,20.8,2.558776498354456,YES,5.824,14.1696,River,32,2.4074999999999998
499,17.5,-1.726927241226568,39.69,0.585,5.569,73.5,20.8,2.714694743820879,NO,9.85,14.14,Lake,47,2.4
500,16.8,-1.4944142358653185,39.69,0.585,6.027,79.7,20.8,2.6623552418400807,NO,6.236,14.1344,Lake,54,2.4975
501,22.4,-2.7705108824448157,41.93,0.573,6.593,69.1,19.0,2.269028309465203,NO,9.348,12.1792,Lake and River,27,2.4775
502,20.6,-3.09511071753427,41.93,0.573,6.12,76.7,19.0,2.206074192613202,YES,6.612,13.1648,Lake and River,20,2.2875
503,23.9,-2.800823601254565,41.93,0.573,6.976,91.0,19.0,1.7298840655099674,NO,5.478,12.1912,None,31,2.1675
504,22.0,-2.211009149506836,41.93,0.573,6.794,89.3,19.0,1.8687205103641833,YES,7.94,15.176,None,47,2.39
505,19.0,-3.04892210206811,41.93,0.573,6.03,80.8,19.0,2.064327903869788,YES,10.28,10.152,None,45,2.5050000000000003
