,crime_rate,resid_area,air_qual,room_num,age,teachers,poor_prop,n_hos_beds,n_hot_rooms,rainfall,dist,airport_NO,airport_YES,waterbody_Lake,waterbody_Lake and River,waterbody_None,waterbody_River,price
0,1.750941276693081,1.0352797534897051,1.02,-0.075,1.1288628544126762,-0.814,1.194,-0.02,-0.356732773272578,0.562484551957761,-1.174,1.0,0.0,0.0,1.0,0.0,0.0,10.2
1,0.28347194497719497,-0.16180187126141282,-0.077,-0.218,-0.5529525572289324,0.04,-0.959,0.21,0.3509177965581326,0.562484551957761,-0.563,0.0,1.0,0.0,0.0,0.0,1.0,22.1
2,0.4891268768077165,1.251338388200882,0.449,0.948,1.0362204800425878,1.794,-1.399,0.199,0.03185987212576672,1.457145020426011,-0.935,0.0,1.0,0.0,0.0,1.0,0.0,41.3
3,-0.34918057284116716,-0.7515835497973291,-1.053,-0.969,0.29151831683687535,-0.292,0.269,-1.142,-0.173703010729921,0.23715347251476104,2.037,1.0,0.0,0.0,0.0,1.0,0.0,17.6
4,-1.4341564333999466,-1.4990296374468075,-1.235,0.152,-1.162254327124515,0.561,-1.018,-1.453,0.35451203660806385,-1.3895019247002391,2.64,0.0,1.0,1.0,0.0,0.0,0.0,24.7
5,1.3530960479080483,1.0352797534897051,1.21,-0.751,1.089668003717639,-0.814,1.046,0.908,0.15931715389640858,-1.3895019247002391,-1.053,1.0,0.0,0.0,0.0,1.0,0.0,8.5
6,-0.346039584691053,2.442580590392238,0.484,-1.679,1.0575994895126082,-0.767,1.71,0.834,-0.5324358157134519,0.806482861540011,-0.962,0.0,1.0,0.0,1.0,0.0,0.0,8.1
7,-0.7767229319418265,-1.2479344673770605,-0.561,-0.954,0.7654196934223285,0.324,0.456,1.354,-0.5071378953620121,-0.982838075396489,-0.391,0.0,1.0,1.0,0.0,0.0,0.0,26.4
8,-0.16704086064006263,-0.5296854925263899,-0.518,0.052,-1.404549767784747,-0.529,-0.912,-0.593,-0.1662380506262177,-0.250843146649739,0.796,0.0,1.0,0.0,0.0,0.0,1.0,23.0
9,-0.3394617488407209,-1.1209270267022473,-0.951,0.762,-1.2869652156996343,1.699,-1.307,1.133,-0.14951101039384496,-1.064170845257239,0.152,1.0,0.0,1.0,0.0,0.0,0.0,35.1
10,-1.6456947051541162,-1.4289565667296689,-1.295,1.382,-1.6539715449349854,0.277,-1.321,-0.289,0.023703712012461298,0.887815631400761,2.4,0.0,1.0,0.0,0.0,0.0,1.0,35.4
11,1.4482242182861345,1.0352797534897051,1.616,-0.921,0.9115095914674686,-0.814,1.276,0.355,0.33806147637953193,0.887815631400761,-0.964,0.0,1.0,0.0,0.0,1.0,0.0,12.8
12,-0.1269566765679266,-0.7019484580393555,-0.397,-0.269,-0.24295691991363585,0.514,0.038,0.847,0.1807443541940762,1.457145020426011,-0.068,0.0,1.0,0.0,0.0,1.0,0.0,24.0
13,0.2907391660869404,-0.4187364638909207,-0.129,-1.164,-1.1301858129194844,-1.193,0.158,0.388,-0.17010877067998975,0.15582070265401105,0.003,0.0,1.0,0.0,1.0,0.0,0.0,20.2
14,-0.8804948284100674,-1.0158174206265396,-0.371,0.384,-1.2548967014946038,0.893,-1.15,-1.185,-0.15739069050330953,0.725150091679261,-0.322,0.0,1.0,0.0,0.0,1.0,0.0,29.4
15,-0.43504923445525207,-0.858153011512977,-0.863,-0.44,0.8936937502424515,-0.577,0.51,-1.163,0.34248515644098604,0.725150091679261,1.482,1.0,0.0,0.0,0.0,0.0,1.0,16.0
16,1.3882619295982137,1.0352797534897051,0.994,-0.569,0.7582933569323216,-0.814,-0.3,1.947,-0.12891325010769983,1.457145020426011,-1.302,0.0,1.0,0.0,0.0,1.0,0.0,50.0
17,2.1478920623082867,1.0352797534897051,1.21,-1.057,0.6086402906421788,-0.814,1.575,0.364,-0.3590828533052255,1.375812250565261,-1.067,1.0,0.0,0.0,0.0,1.0,0.0,8.5
18,1.2594770157994404,1.0352797534897051,1.616,0.093,1.0005887975925538,-0.814,0.857,1.538,0.3409645164198611,0.15582070265401105,-0.841,1.0,0.0,0.0,0.0,1.0,0.0,14.9
19,1.4092759187761108,1.0352797534897051,1.21,-0.117,0.8651884042824238,-0.814,0.592,0.776,0.16664387399819178,1.294479480704511,-0.976,1.0,0.0,0.0,0.0,0.0,1.0,13.8
20,0.881805871612318,1.0352797534897051,-0.181,-0.729,-0.9983485878543584,-0.814,-0.034,1.156,0.17770307415182665,1.457145020426011,0.152,1.0,0.0,0.0,1.0,0.0,0.0,21.8
21,-0.4087205184697016,-0.5296854925263899,-0.518,0.142,-0.4995050335538813,-0.529,-0.727,-0.116,0.1795001941767921,0.07448793279326103,0.367,0.0,1.0,1.0,0.0,0.0,0.0,23.1
22,-0.5324803408808197,-0.35742252701342414,-0.285,-0.154,0.7725460299123355,-1.146,0.247,-0.565,-0.5158470154829995,-1.5521674644217391,-0.668,0.0,1.0,0.0,0.0,1.0,0.0,20.1
23,0.9590439246176022,1.251338388200882,2.747,-1.239,1.1288628544126762,1.794,1.541,-1.81,-0.006709088410034592,0.23715347251476104,-1.206,0.0,1.0,0.0,0.0,0.0,1.0,13.4
24,0.45025601050778563,1.251338388200882,2.747,-1.794,0.7012826650122672,1.794,0.218,-1.716,-0.5224825355751803,0.562484551957761,-1.066,0.0,1.0,0.0,0.0,1.0,0.0,15.3
25,1.2963929027983347,1.0352797534897051,1.382,-0.276,0.5730086081921448,-0.814,0.539,-1.72,0.17521475411725876,-0.982838075396489,-0.524,0.0,1.0,1.0,0.0,0.0,0.0,20.0
26,-0.3914940106341492,-0.5982987076035888,-0.907,-0.695,-1.247770365004597,0.277,0.476,0.928,-0.1703852506838306,-0.0068448370674889765,0.641,0.0,1.0,1.0,0.0,0.0,0.0,20.0
27,-0.7457587393599571,-0.7837003738760174,-0.984,-0.444,-0.8059375026241742,0.798,0.391,0.075,-0.34359997309013657,-1.4708346945609891,1.479,0.0,1.0,0.0,0.0,0.0,1.0,19.7
28,0.06129874707881691,-0.16180187126141282,-0.077,0.51,0.5053084115370798,0.04,-1.417,-0.528,-0.3393145330306032,-0.657506995953489,-0.231,1.0,0.0,0.0,0.0,0.0,1.0,22.8
29,0.24333848653508078,-0.4187364638909207,-0.129,-0.779,0.042096539686636784,-1.193,0.098,0.428,-0.17287357071839848,-0.982838075396489,0.005,1.0,0.0,0.0,1.0,0.0,0.0,18.2
30,-0.7260740925483494,-0.8873501243117851,-1.079,0.469,-0.9306483911992935,0.893,-0.61,-1.608,0.3525766765811779,0.969148401261511,1.174,1.0,0.0,0.0,1.0,0.0,0.0,23.3
31,0.27298378894219444,-0.4187364638909207,-0.129,0.311,0.9293254326924856,-1.193,0.309,-1.335,0.3458029164870764,-0.332175916510489,0.326,0.0,1.0,0.0,0.0,0.0,1.0,18.4
32,-0.6267894961588965,0.4206805290748019,-0.026,0.138,0.8580620677924174,0.988,-0.021,-1.204,0.006561951774327006,-1.4708346945609891,-0.207,0.0,1.0,0.0,0.0,1.0,0.0,23.0
33,-1.6212139945801667,-1.539905595365138,-1.131,2.271,-1.2940915521896412,1.936,-2.124,0.181,0.21668675469338952,-1.064170845257239,0.91,0.0,1.0,0.0,0.0,0.0,1.0,50.0
34,-0.415507589015938,-0.1924588397001611,0.277,-0.86,-1.4081129360297504,-0.34,0.839,0.359,0.1795001941767921,1.294479480704511,-0.484,1.0,0.0,0.0,1.0,0.0,0.0,23.1
35,-1.0590479066287861,0.4206805290748019,-0.026,-0.55,-0.4389311733888233,0.988,0.399,-1.675,-0.16582333062045612,-1.3895019247002391,-0.331,0.0,1.0,0.0,1.0,0.0,0.0,23.3
36,1.6472511576332725,1.0352797534897051,0.527,-0.066,0.7012826650122672,-0.814,0.349,-1.226,-0.5140498954580338,-0.576174226092739,-0.899,1.0,0.0,0.0,0.0,0.0,1.0,21.4
37,-0.6235464971319251,-1.185160674859624,-0.932,-0.16,0.04565970793163999,0.229,0.107,1.558,-0.1684498906569444,-1.4708346945609891,-0.144,1.0,0.0,0.0,0.0,0.0,1.0,21.4
38,0.4606426513319648,-0.4187364638909207,-0.129,-0.816,0.9507044421625058,-1.193,0.909,0.291,0.3384761963852932,-1.145503615117989,-0.001,0.0,1.0,0.0,0.0,1.0,0.0,13.1
39,-0.40412979322593845,2.442580590392238,0.484,-1.224,1.0682889942476181,-0.767,1.354,1.295,0.33004355626814663,-0.820172535674989,-0.994,1.0,0.0,0.0,0.0,1.0,0.0,7.0
40,0.3346708097254619,1.5885650410271117,0.614,-0.907,0.9400149374274958,-1.288,0.908,-0.032,-0.5238649355943849,-0.738839765814239,-0.883,0.0,1.0,1.0,0.0,0.0,0.0,14.3
41,-1.2484778697672267,-1.0552335229049294,-0.596,0.85,-1.433055113744774,0.419,-1.392,1.827,-0.32770237286928666,-1.3081691548394891,1.308,1.0,0.0,0.0,0.0,0.0,1.0,31.2
42,-0.8633667685757438,-1.104868614662903,-1.002,0.658,-1.3368495711296822,1.557,-1.363,0.595,-0.3286700528827296,0.07448793279326103,1.316,1.0,0.0,0.0,0.0,1.0,0.0,30.5
43,0.31880710685292857,-0.4187364638909207,-0.129,-0.441,0.7440406839523083,-1.193,0.438,0.855,0.17466179410957708,-1.3081691548394891,0.109,0.0,1.0,0.0,0.0,1.0,0.0,19.6
44,1.440221661067834,1.0352797534897051,0.674,-0.085,1.1288628544126762,-0.814,-0.182,1.268,0.04388675229284485,-1.145503615117989,-1.281,0.0,1.0,0.0,0.0,1.0,0.0,50.0
45,-0.6253499665930682,-0.5909994294038863,-0.768,0.373,-0.3427256307737312,-0.055,-0.531,0.377,0.0084973118012132,0.07448793279326103,0.063,0.0,1.0,0.0,0.0,0.0,1.0,24.4
46,-0.6966459517234664,2.137470761644697,0.242,-0.563,0.979209788122533,-0.292,0.837,-1.125,0.0007558716936687299,1.375812250565261,-0.871,1.0,0.0,0.0,0.0,0.0,1.0,18.8
47,-0.8820510759586621,-1.0158174206265396,-0.371,0.83,0.21669178369180397,0.893,-0.715,-1.382,-0.3294994928942521,-0.901505305535739,-0.429,1.0,0.0,0.0,0.0,1.0,0.0,29.9
48,1.4742634720755716,1.0352797534897051,1.616,-0.035,1.00771513408256,-0.814,0.726,1.235,-0.3534150132264876,-0.16951037678898898,-0.778,0.0,1.0,0.0,0.0,1.0,0.0,12.6
49,-0.919880465512242,-1.1209270267022473,-0.951,1.944,-0.6634107728240379,1.699,-2.102,0.534,-0.13444285018451727,-1.145503615117989,0.695,0.0,1.0,1.0,0.0,0.0,0.0,46.0
50,1.2231654643172798,1.0352797534897051,1.382,0.337,0.7689828616673322,-0.814,-0.055,0.591,0.3482912365216443,-0.738839765814239,-0.483,0.0,1.0,0.0,0.0,1.0,0.0,20.2
51,-0.7130310520308473,0.2659358312411206,-1.002,0.015,-0.8308796803391982,-0.103,-0.289,-1.294,-0.5140498954580338,-0.901505305535739,0.35,1.0,0.0,0.0,0.0,1.0,0.0,21.4
52,1.488653277414407,1.0352797534897051,0.527,-0.129,1.0112783023275638,-0.814,0.88,-1.794,0.3405497964140998,1.701143330008261,-0.792,0.0,1.0,1.0,0.0,0.0,0.0,14.6
53,-1.2331408388150455,-1.3924601757311592,-1.295,0.993,-1.8891406491052105,0.703,-1.41,0.044,0.02301251200285889,-1.2268363849787391,1.889,0.0,1.0,0.0,0.0,1.0,0.0,34.9
54,-1.0101754932316886,-0.9515837724691618,-0.898,0.161,-0.723984632989096,-0.008,-0.167,-0.852,0.18060611419215578,-1.3081691548394891,0.484,1.0,0.0,1.0,0.0,0.0,0.0,23.9
55,1.1784077143558158,1.0352797534897051,1.27,-0.319,0.5053084115370798,-0.814,0.946,1.175,-0.5115615754234659,1.131813940983011,-0.792,0.0,1.0,0.0,0.0,0.0,1.0,23.2
56,-0.3091415699346114,-0.1924588397001611,0.277,-0.353,0.4055397006769845,-0.34,0.497,-1.153,0.17079107405580468,1.213146710843761,-0.632,1.0,0.0,1.0,0.0,0.0,0.0,16.8
57,-0.05218724393301293,2.137470761644697,0.242,-0.941,0.9720834516325261,-0.292,1.568,-0.149,-0.5219295755674986,0.23715347251476104,-0.995,1.0,0.0,1.0,0.0,0.0,0.0,15.7
58,0.8019586665442215,1.0352797534897051,0.259,-0.575,-0.9413378959343038,-0.814,0.378,0.121,-0.16955581067230807,-0.657506995953489,-0.033,0.0,1.0,1.0,0.0,0.0,0.0,20.6
59,-0.022718443887633614,-0.7019484580393555,-0.423,1.26,0.4126660371669914,0.514,-0.856,-1.087,-0.49994941526214937,-0.413508686371239,-0.28,1.0,0.0,0.0,0.0,0.0,1.0,31.6
60,1.2139423820780357,1.0352797534897051,-0.181,0.674,0.23450762491682103,-0.814,-0.529,-0.651,0.3531296365888596,0.562484551957761,-0.225,1.0,0.0,0.0,0.0,1.0,0.0,23.7
61,1.3363539147054488,1.0352797534897051,0.38,-0.935,1.054036321267605,-0.814,1.515,-1.011,-0.17425597073760268,-1.145503615117989,-1.141,1.0,0.0,0.0,0.0,0.0,1.0,17.2
62,-1.4585976665474258,-1.4055988764906227,-1.182,1.176,-0.314220284813704,-0.055,-0.463,0.222,-0.49801405523526343,-0.738839765814239,2.657,0.0,1.0,0.0,1.0,0.0,0.0,33.0
63,-1.2584616285098402,-1.2888104252953916,-0.82,0.219,-0.3427256307737312,-0.103,-1.188,-0.516,0.18724163428433657,1.131813940983011,1.11,0.0,1.0,0.0,0.0,1.0,0.0,28.7
64,1.0095074887059574,1.0352797534897051,1.426,-1.864,0.8224303853423833,-0.814,0.458,1.565,0.17784131415374707,1.538477790286761,-0.997,1.0,0.0,1.0,0.0,0.0,0.0,21.9
65,-0.46212506391232827,-0.5909994294038863,-0.768,-0.051,-1.8535089666551763,-0.055,-0.797,-0.903,-0.5087967753850575,-1.145503615117989,0.313,1.0,0.0,0.0,0.0,0.0,1.0,25.2
66,-0.6594504159887479,-1.328226527573782,-1.209,-0.482,-1.7394875828150673,-1.668,-1.077,0.936,0.0032441917282366064,1.131813940983011,2.888,1.0,0.0,0.0,0.0,0.0,1.0,20.6
67,-0.24134079933570937,1.5885650410271117,0.614,-0.827,0.9863361246125399,-1.288,0.8,-1.364,0.3427616364448269,-0.657506995953489,-0.979,0.0,1.0,0.0,0.0,1.0,0.0,16.2
68,-0.8564715657024055,0.4206805290748019,-0.026,0.52,0.5979507859071682,0.988,-0.155,0.91,0.18724163428433657,-1.3081691548394891,-0.181,1.0,0.0,0.0,0.0,1.0,0.0,28.7
69,-1.7299941124125717,-1.2785914358158088,-1.416,0.252,-1.2976547204346447,1.51,-0.427,1.702,0.1779795541556675,1.294479480704511,1.72,0.0,1.0,0.0,0.0,1.0,0.0,22.0
70,-0.9710979479521151,-0.8493938776733353,-0.328,-0.413,-0.8166270073591846,-0.814,-0.146,-1.055,-0.3445676531035798,-0.901505305535739,0.5,1.0,0.0,1.0,0.0,0.0,0.0,19.0
71,-0.7732238602279924,-1.104868614662903,-1.002,1.291,-1.0482329432844062,1.557,-1.132,0.927,0.19581251440340358,-1.5521674644217391,0.381,1.0,0.0,0.0,0.0,0.0,1.0,34.9
72,-1.1076020482925948,-0.8975691137913678,-1.097,0.641,-1.24064402851459,-0.245,-1.163,-1.0,0.18627395427089363,1.213146710843761,0.788,0.0,1.0,1.0,0.0,0.0,0.0,28.0
73,-0.876276488448258,-1.13406572746171,-0.803,0.081,-1.8214404524501455,0.751,-0.617,-1.617,0.17880899416719,1.131813940983011,0.697,1.0,0.0,0.0,0.0,1.0,0.0,22.6
74,-0.768914147138662,-1.0158174206265396,-0.371,-0.592,0.013591193726609621,0.893,-0.163,1.235,0.3516089965677347,-0.332175916510489,-0.531,0.0,1.0,0.0,0.0,0.0,1.0,22.6
75,1.4273365896217993,1.0352797534897051,1.875,-0.09,1.0362204800425878,-0.814,0.839,-1.343,0.17217347407500921,-0.0068448370674889765,-0.815,1.0,0.0,0.0,0.0,1.0,0.0,17.8
76,0.016177163935510334,-0.7019484580393555,-0.397,0.639,-0.06479850766346545,0.514,-0.463,1.322,0.014856351889553157,-0.576174226092739,-0.067,0.0,1.0,0.0,0.0,0.0,1.0,29.0
77,-0.4358447387596621,-0.5982987076035888,-0.907,-0.843,-1.22995452377958,0.277,-0.068,0.104,-0.34415293309781825,-1.4708346945609891,0.642,1.0,0.0,0.0,0.0,0.0,1.0,19.3
78,-0.735527972438965,-1.104868614662903,-1.002,0.959,-1.668224217914999,1.557,-1.224,-1.204,-0.32521405283471877,1.294479480704511,1.316,1.0,0.0,0.0,0.0,1.0,0.0,33.0
79,1.4646504584601898,1.0352797534897051,1.616,0.185,1.0290941435525809,-0.814,1.012,0.889,0.34400579646211066,1.538477790286761,-0.842,0.0,1.0,0.0,1.0,0.0,0.0,17.1
80,-0.8412196301450787,-1.3603433516524703,-1.226,-0.556,-1.7751192652651013,0.087,-0.518,-0.381,-0.34512061311126147,0.887815631400761,2.888,0.0,1.0,0.0,0.0,0.0,1.0,18.6
81,0.26600992435081416,-1.0274962657460625,0.812,-1.016,-0.19663573272859167,2.505,-0.029,-0.324,0.006285471770486164,1.619810560147511,-0.882,1.0,0.0,0.0,0.0,1.0,0.0,22.8
82,-1.0607021191493162,-1.13406572746171,-0.803,-0.187,-1.2869652156996343,0.751,-0.261,0.993,-0.34346173308821615,-1.064170845257239,1.02,1.0,0.0,0.0,0.0,0.0,1.0,19.8
83,0.37287407429307085,-0.4187364638909207,-0.129,-0.325,0.7297880109722944,-1.193,0.809,0.518,-0.004773728383148705,-1.5521674644217391,0.324,0.0,1.0,1.0,0.0,0.0,0.0,14.8
84,-0.6535708430601754,-0.35742252701342414,-0.285,-0.115,-0.4959418653088779,-1.146,0.335,-0.679,-0.5136351754522726,-0.16951037678898898,-0.495,0.0,1.0,0.0,0.0,1.0,0.0,21.7
85,0.5328975368536121,1.251338388200882,0.449,-0.298,1.1288628544126762,1.794,-0.838,0.647,0.008359071799292779,0.562484551957761,-0.994,1.0,0.0,0.0,0.0,0.0,1.0,24.3
86,0.10460831218195075,-1.0274962657460625,0.19,1.696,-0.5600788937189392,2.505,-2.021,0.772,0.38050115696910597,0.31848624237551104,-0.45,1.0,0.0,1.0,0.0,0.0,0.0,43.5
87,-0.8463802364004714,2.137470761644697,0.242,-0.386,0.5623191034571342,-0.292,0.49,1.204,-0.5155705354791587,-0.0068448370674889765,-0.778,0.0,1.0,0.0,1.0,0.0,0.0,20.3
88,-0.7253624905458613,-0.7180068700786996,-1.036,0.311,-1.7786824335101048,1.13,-0.34,-0.004,-0.33433789296146743,0.23715347251476104,0.832,0.0,1.0,0.0,1.0,0.0,0.0,26.4
89,1.5655048232461977,1.0352797534897051,0.527,-0.891,0.6870299920322535,-0.814,0.47,0.667,-0.3420793330690119,-0.250843146649739,-0.898,1.0,0.0,0.0,0.0,1.0,0.0,20.8
90,1.76728826462254,1.0352797534897051,0.994,-3.004,1.1288628544126762,-0.814,2.12,-0.582,-0.00615612840235291,-0.332175916510489,-1.297,1.0,0.0,1.0,0.0,0.0,0.0,13.8
91,1.160014163359753,1.0352797534897051,1.382,0.03,0.8366830583223966,-0.814,0.808,-0.823,0.34262339644290646,-1.4708346945609891,-0.695,1.0,0.0,0.0,0.0,1.0,0.0,16.1
92,0.0317304711161865,-0.7019484580393555,-0.423,1.614,0.30577098981688916,0.514,-1.175,-0.814,-0.49981117526022895,-1.064170845257239,-0.057,0.0,1.0,0.0,0.0,1.0,0.0,31.7
93,0.3828133742618124,1.5885650410271117,0.614,-0.736,1.0718521624926218,-1.288,0.812,0.732,-0.3492678131688744,-0.576174226092739,-0.705,1.0,0.0,0.0,1.0,0.0,0.0,15.6
94,-0.2510284413945438,-0.5982987076035888,-0.907,-1.245,0.961393946897516,0.277,1.772,-0.574,0.1674733140097143,-0.413508686371239,1.017,1.0,0.0,0.0,0.0,1.0,0.0,14.4
95,2.379412930652905,1.0352797534897051,1.21,-0.842,1.1288628544126762,-0.814,1.284,-0.43,0.15447875382919324,-0.08817760692823898,-1.156,0.0,1.0,0.0,0.0,0.0,1.0,5.0
96,1.2778752481864284,1.0352797534897051,0.674,1.051,1.039783648287591,-0.814,-2.13,1.471,-0.12891325010769983,0.562484551957761,-1.266,0.0,1.0,0.0,0.0,1.0,0.0,50.0
97,1.1335786046451968,1.0352797534897051,1.382,0.604,0.7725460299123355,-0.814,0.724,1.015,-0.17536189075296635,-0.820172535674989,-0.583,0.0,1.0,0.0,0.0,0.0,1.0,16.4
98,0.003180705715770923,-0.06107183210552541,-0.552,-1.323,1.1288628544126762,-0.055,1.292,-0.023,0.002414751716714083,1.701143330008261,0.042,1.0,0.0,0.0,0.0,1.0,0.0,20.0
99,-0.49597361572347587,2.442580590392238,0.484,-1.167,0.8687515725274275,-0.767,0.882,-1.31,0.16857923402507796,-0.901505305535739,-0.963,1.0,0.0,0.0,0.0,1.0,0.0,15.2
100,-1.0079481273187287,-0.8493938776733353,-0.328,0.057,-1.0767382892444333,-0.814,-1.044,0.822,-0.34014397304212574,-0.413508686371239,1.305,1.0,0.0,0.0,0.0,1.0,0.0,22.2
101,0.08693591935315786,-0.7019484580393555,-0.397,0.505,0.29151831683687535,0.514,-0.181,0.997,0.35506499661574553,-0.250843146649739,0.175,0.0,1.0,0.0,1.0,0.0,0.0,25.1
102,-0.4955994124351003,-0.14574345922206866,-0.051,-0.362,0.5088715797820831,0.324,-0.053,1.053,0.3469088365024401,-0.901505305535739,-0.509,1.0,0.0,0.0,1.0,0.0,0.0,19.2
103,-0.7085010616324503,-0.6712914896006082,-0.915,0.821,-0.9092693817292733,0.419,-2.119,0.616,-0.1537964504533783,-1.3081691548394891,0.234,0.0,1.0,0.0,0.0,0.0,1.0,32.0
104,0.17476583004799573,-0.4187364638909207,-0.129,-0.627,-0.42111533216380626,-1.193,-0.379,0.383,0.17507651411533834,-0.901505305535739,0.346,0.0,1.0,0.0,0.0,0.0,1.0,19.9
105,1.4451299153400214,1.0352797534897051,1.382,-0.129,1.082541667227632,-0.814,0.889,0.78,-0.005741408396591648,1.050481171122261,-0.748,0.0,1.0,0.0,0.0,1.0,0.0,14.1
106,-0.5008024900253647,-0.858153011512977,-0.863,-0.759,-0.07548801239847558,-0.577,0.354,0.028,-0.34498237310934105,-0.738839765814239,1.68,1.0,0.0,0.0,0.0,0.0,1.0,18.7
107,1.3723544837862727,1.0352797534897051,1.27,-1.073,1.1288628544126762,-0.814,1.394,-0.806,0.33737027636992983,0.15582070265401105,-1.102,1.0,0.0,1.0,0.0,0.0,0.0,12.3
108,-1.055961843258748,-0.8304157543541099,-1.278,0.056,-0.8095006708691777,0.893,-0.559,-1.417,-0.16720573063966063,-1.3895019247002391,1.725,1.0,0.0,0.0,0.0,0.0,1.0,22.3
109,0.30377776870807666,-1.0274962657460625,0.812,1.493,0.9328886009374888,2.505,0.094,-1.503,-0.3279788528731275,1.701143330008261,-0.836,0.0,1.0,0.0,0.0,1.0,0.0,31.0
110,-0.3714155511842768,-0.7515835497973291,-1.053,-0.071,0.38772385945196747,-0.292,-0.077,1.274,-0.1696940506742285,-0.657506995953489,2.086,1.0,0.0,0.0,0.0,0.0,1.0,20.5
111,0.5608521061719016,1.251338388200882,2.747,0.333,1.1288628544126762,1.794,-0.606,-0.521,-0.16582333062045612,-0.250843146649739,-0.989,0.0,1.0,1.0,0.0,0.0,0.0,23.3
112,1.3133318159955698,1.0352797534897051,0.527,-0.245,0.5979507859071682,-0.814,1.306,0.227,11.745902914857732,-0.820172535674989,-0.864,1.0,0.0,1.0,0.0,0.0,0.0,13.4
113,0.3124118433789869,-0.4187364638909207,-0.129,-0.961,0.619329795377189,-1.193,0.733,0.981,-0.006017888400432489,-0.332175916510489,0.326,0.0,1.0,0.0,0.0,0.0,1.0,13.9
114,-0.729853396671356,-1.0158174206265396,-0.371,0.199,0.5623191034571342,0.893,-0.27,1.316,-0.5110086154157842,1.619810560147511,-0.558,0.0,1.0,0.0,0.0,1.0,0.0,23.6
115,-0.29899526551907035,-0.5982987076035888,-0.907,-0.349,0.6122034588871821,0.277,0.949,-1.766,-0.1750854107491255,0.39981901223626104,0.929,0.0,1.0,0.0,0.0,0.0,1.0,16.6
116,-1.2497143183669208,-0.8493938776733353,-0.328,-0.541,-0.31065711656870054,-0.814,-0.011,0.229,-0.17245885071263722,-1.4708346945609891,0.893,0.0,1.0,0.0,0.0,0.0,1.0,18.5
117,-1.1881498758726827,-0.7223864369985209,-0.994,-0.347,-1.6040871895049378,0.751,-0.51,-0.302,0.17438531410573624,-1.3895019247002391,1.394,0.0,1.0,0.0,0.0,1.0,0.0,19.4
118,-1.0407286905557085,0.13454882364648593,0.173,-0.349,0.4447345513720218,-1.193,-0.499,1.594,-0.5173676555041244,0.48115178209701104,-0.628,0.0,1.0,0.0,0.0,1.0,0.0,19.0
119,-0.674296665925266,-0.858153011512977,-0.863,-0.495,-0.7524899789491231,-0.577,-0.237,-1.182,0.17466179410957708,-1.5521674644217391,1.536,0.0,1.0,0.0,0.0,1.0,0.0,19.6
120,0.5838292902544033,1.251338388200882,2.747,-1.238,1.1288628544126762,1.794,0.37,-0.979,-0.343738213092057,0.23715347251476104,-1.075,1.0,0.0,0.0,0.0,0.0,1.0,19.6
121,-0.9573456841055978,-1.1092481815827244,-0.552,1.039,0.6407088048472093,0.324,-1.098,-0.653,-0.5110086154157842,-0.901505305535739,-0.181,1.0,0.0,0.0,0.0,0.0,1.0,23.6
122,1.561696567132516,1.0352797534897051,0.916,-0.948,1.1288628544126762,-0.814,0.219,-0.866,0.013335711868428532,-1.064170845257239,-1.223,0.0,1.0,0.0,0.0,0.0,1.0,27.9
123,1.1171342683859378,1.0352797534897051,0.527,1.0,-0.02560365696842817,-0.814,0.154,-0.365,0.3615622767060062,1.375812250565261,-0.615,0.0,1.0,0.0,1.0,0.0,0.0,29.8
124,0.5733468228033198,1.251338388200882,0.449,1.723,0.8010513758723626,1.794,-2.934,1.743,-0.30171325250824454,-0.332175916510489,-0.89,0.0,1.0,0.0,0.0,1.0,0.0,50.0
125,-1.2387015134922468,-0.9661823288685658,-0.958,-0.372,-0.7061687917640789,-0.15,-0.016,-0.532,-0.0010412483312967368,-1.064170845257239,2.065,0.0,1.0,1.0,0.0,0.0,0.0,17.5
126,-0.5276840134537074,0.42506009599462324,-1.002,-0.69,-0.36766780848875513,1.178,0.664,-0.222,-0.34277053307861405,0.23715347251476104,1.237,0.0,1.0,0.0,0.0,1.0,0.0,20.3
127,-0.9695594043377728,-1.2888104252953916,-0.699,1.364,-0.969843241894331,0.04,-0.713,-0.687,-0.4937286151757298,1.294479480704511,0.114,1.0,0.0,0.0,0.0,0.0,1.0,36.1
128,1.0285616331072833,1.0352797534897051,1.875,0.169,0.8081777123623695,-0.814,0.369,-0.611,0.004764831749361539,1.375812250565261,-0.628,1.0,0.0,1.0,0.0,0.0,0.0,21.7
129,1.5940761423624352,1.0352797534897051,1.616,-0.599,1.00771513408256,-0.814,1.341,-1.642,-0.1831033308605108,-0.413508686371239,-0.925,1.0,0.0,0.0,1.0,0.0,0.0,10.8
130,-0.03469269996056544,-0.16180187126141282,-0.077,0.151,-0.0398563299484415,0.04,-0.043,-1.61,-0.5116998154253867,1.131813940983011,-0.126,1.0,0.0,0.0,0.0,1.0,0.0,23.1
131,1.6198229545629308,1.0352797534897051,0.674,-3.004,1.1288628544126762,-0.814,0.377,1.378,-0.33889981302484196,-1.2268363849787391,-1.116,1.0,0.0,1.0,0.0,0.0,0.0,23.1
132,-0.6615301786649124,-0.8873501243117851,-1.079,-0.257,-0.11468286309351337,0.893,0.256,0.25,0.0025529917186345036,0.15582070265401105,1.245,1.0,0.0,0.0,0.0,1.0,0.0,20.1
133,0.1458878969254526,1.5885650410271117,0.614,0.137,1.054036321267605,-1.288,0.075,0.697,-0.1662380506262177,1.457145020426011,-0.715,0.0,1.0,0.0,1.0,0.0,0.0,23.0
134,0.7999858339911187,1.251338388200882,2.747,-1.917,0.9756466198775298,1.794,1.701,-0.707,-0.35065021318807893,-1.2268363849787391,-1.139,1.0,0.0,0.0,0.0,1.0,0.0,14.6
135,0.2070298806153744,-0.4187364638909207,-0.129,-0.657,0.7832355346473455,-1.193,0.552,1.221,-0.1750854107491255,1.619810560147511,0.437,1.0,0.0,1.0,0.0,0.0,0.0,16.6
136,-0.8668526274948654,-1.185160674859624,-0.932,1.619,-0.20732523746360176,0.229,-0.901,-0.93,0.020662431970211434,-0.657506995953489,-0.143,1.0,0.0,0.0,0.0,0.0,1.0,33.2
137,-0.8982698752303773,-0.736984993397925,-0.466,-0.487,-0.004224647498407418,-0.34,-0.156,1.049,-0.3447058931055002,0.31848624237551104,-0.21,0.0,1.0,0.0,0.0,0.0,1.0,18.9
138,1.8205828214359354,1.0352797534897051,0.916,-3.004,1.1288628544126762,-0.814,1.309,0.411,0.16401731396170346,1.131813940983011,-1.277,0.0,1.0,0.0,0.0,0.0,1.0,11.9
139,-1.294832643322242,-1.1764015410199813,-1.079,0.453,-1.657534713179989,0.087,-1.5,-0.691,-0.15545533047642365,0.806482861540011,0.788,0.0,1.0,0.0,0.0,0.0,1.0,30.8
140,0.16272353356807243,-1.0274962657460625,0.812,3.004,0.66208781431723,2.505,-1.217,0.453,-0.30171325250824454,1.213146710843761,-0.972,0.0,1.0,0.0,0.0,0.0,1.0,50.0
141,-0.1120421590035918,-0.5296854925263899,-0.518,0.198,-1.005474924344365,-0.529,-0.92,0.453,0.3549267566138251,1.050481171122261,0.455,1.0,0.0,0.0,0.0,0.0,1.0,25.0
142,-0.38282941146120736,-0.5296854925263899,-0.518,0.221,-1.9105196585752307,-0.529,-1.23,0.04,0.35437379660614343,0.48115178209701104,0.796,1.0,0.0,0.0,0.0,1.0,0.0,24.6
143,1.4379078024291787,1.0352797534897051,1.27,-1.05,1.1288628544126762,-0.814,1.328,0.199,-0.3552121332514531,0.562484551957761,-1.082,0.0,1.0,0.0,0.0,0.0,1.0,11.3
144,-0.12550624202276356,-0.7019484580393555,-0.397,2.799,0.07416505389166766,0.514,-1.649,0.769,-0.30406333254089196,-1.3081691548394891,-0.068,0.0,1.0,0.0,0.0,1.0,0.0,48.3
145,-0.3080730907499376,-0.4581525661693116,-0.25,0.144,0.9257622644474819,1.557,1.089,-1.313,-0.35009725318039725,-0.820172535674989,1.251,1.0,0.0,1.0,0.0,0.0,0.0,15.0
146,-0.779165076809419,0.42506009599462324,-1.002,-0.211,-1.7786824335101048,1.178,-0.357,-0.445,0.18060611419215578,0.562484551957761,0.839,0.0,1.0,0.0,0.0,0.0,1.0,23.9
147,-1.0330488983306756,-1.0756715018640948,-1.39,-0.238,-1.2940915521896412,0.988,-0.802,-0.948,-0.1677586906473423,1.375812250565261,2.654,1.0,0.0,0.0,0.0,0.0,1.0,21.9
148,0.19621814084860392,-1.0274962657460625,0.812,0.804,1.1288628544126762,2.505,-0.72,-0.429,-0.3292230128904113,0.07448793279326103,-0.869,0.0,1.0,0.0,0.0,0.0,1.0,30.1
149,1.5272710834617187,1.0352797534897051,0.994,-1.945,1.1288628544126762,-0.814,1.973,-0.718,-0.00615612840235291,1.375812250565261,-1.278,0.0,1.0,0.0,0.0,1.0,0.0,13.8
150,1.573214600984657,1.0352797534897051,0.268,-0.623,-0.3070939483236971,-0.814,0.648,0.795,0.16166723392905602,-0.494841456231989,-0.876,1.0,0.0,0.0,0.0,1.0,0.0,10.2
151,-1.1723942168458519,-1.1150876041424858,-1.338,0.02,-1.8000614429801252,1.13,-1.37,1.043,-0.16554685061661525,-1.5521674644217391,1.38,1.0,0.0,0.0,0.0,0.0,1.0,23.5
152,1.2104825818555054,1.0352797534897051,1.616,-0.08,1.1288628544126762,-0.814,0.741,-0.569,0.16802627401739598,1.213146710843761,-0.872,1.0,0.0,0.0,0.0,0.0,1.0,14.8
153,1.00653456665857,1.0352797534897051,0.259,0.052,-0.5850210714339631,-0.814,-0.008,0.741,0.004073631739759436,0.969148401261511,0.098,1.0,0.0,0.0,1.0,0.0,0.0,21.2
154,-0.22312017070935497,-0.16180187126141282,-0.077,-0.014,0.5159979162720899,0.04,-0.495,0.61,0.1774265941479858,-0.494841456231989,-0.258,0.0,1.0,0.0,0.0,1.0,0.0,21.6
155,-1.4448107550347986,-1.2158176432983723,-1.182,2.497,-1.2976547204346447,1.794,-2.175,0.656,0.3894867570939342,0.969148401261511,0.651,0.0,1.0,0.0,0.0,0.0,1.0,50.0
156,-0.8019133662766972,-1.104868614662903,-1.002,0.719,-0.969843241894331,1.557,-0.774,-0.063,0.019003551947166387,-1.3081691548394891,-0.001,0.0,1.0,0.0,0.0,0.0,1.0,32.0
157,-0.13416096235863817,1.5885650410271117,0.614,0.221,1.0861048354726353,-1.288,0.616,0.154,0.17244995407885005,0.15582070265401105,-0.965,1.0,0.0,0.0,0.0,1.0,0.0,18.0
158,1.8828796552287468,1.0352797534897051,1.02,0.148,0.9934624611025469,-0.814,1.334,0.902,0.16567619398474853,1.213146710843761,-1.176,0.0,1.0,1.0,0.0,0.0,0.0,13.1
159,1.4583914347190072,1.0352797534897051,1.21,0.182,1.1288628544126762,-0.814,1.078,-1.692,0.1642937939655443,0.23715347251476104,-1.052,1.0,0.0,0.0,0.0,0.0,1.0,12.1
160,1.7947351445197035,1.0352797534897051,1.02,1.473,1.054036321267605,-0.814,0.39,0.656,0.3411027564217815,0.48115178209701104,-1.209,1.0,0.0,0.0,0.0,1.0,0.0,15.0
161,-0.9726415378191237,-1.2888104252953916,-0.699,0.483,-0.36410464024375166,0.04,-0.291,-0.927,0.35962691667912,-1.3895019247002391,-0.205,1.0,0.0,0.0,0.0,1.0,0.0,28.4
162,-0.7356836961411145,-0.5909994294038863,-0.768,-0.505,-0.24295691991363585,-0.055,0.416,1.685,0.1761824341307017,-0.820172535674989,0.063,1.0,0.0,0.0,1.0,0.0,0.0,20.7
163,-1.0740428446001988,-1.280051291455749,-1.321,0.845,-0.7453636424591165,1.747,-0.934,0.79,-0.3365497329921945,-0.820172535674989,1.975,0.0,1.0,0.0,0.0,0.0,1.0,24.8
164,0.5484609837835677,-0.4187364638909207,-0.129,-0.462,0.4874925703120628,-1.193,1.595,0.564,0.16581443398666926,-1.145503615117989,0.099,1.0,0.0,0.0,0.0,0.0,1.0,13.2
165,-1.1683410421045073,-0.8844304130319038,-1.226,0.503,-1.6005240212599343,-0.34,-1.36,0.356,-0.15946429053211614,-0.16951037678898898,0.649,1.0,0.0,0.0,0.0,0.0,1.0,27.9
166,-0.4974734113708595,2.137470761644697,0.242,-0.596,1.021967807062574,-0.292,1.451,0.823,-0.5197177355367716,0.969148401261511,-0.902,0.0,1.0,1.0,0.0,0.0,0.0,17.3
167,1.2233966301823882,1.0352797534897051,-0.181,-0.048,-0.1289355360735267,-0.814,0.017,0.426,0.006561951774327006,-1.3895019247002391,-0.179,1.0,0.0,0.0,0.0,0.0,1.0,23.0
168,-0.4719523725535363,-0.028955008026837058,-1.209,-0.447,-1.8107509477151353,-0.34,-0.122,1.426,0.004764831749361539,0.562484551957761,0.733,1.0,0.0,0.0,1.0,0.0,0.0,21.7
169,1.9732716758280087,1.0352797534897051,0.38,-1.591,1.1288628544126762,-0.814,1.059,-0.888,0.17009987404620258,1.538477790286761,-1.077,1.0,0.0,0.0,0.0,0.0,1.0,16.3
170,1.085931714061646,1.0352797534897051,0.234,-0.154,0.558755935212131,-0.814,0.711,-1.586,-0.170523490685751,-0.250843146649739,-0.369,1.0,0.0,0.0,0.0,0.0,1.0,19.9
171,-0.4360644250642942,-0.14574345922206866,-0.051,-0.494,0.7084090015022741,0.324,0.655,-0.249,-0.3455353331170227,-1.2268363849787391,-0.649,1.0,0.0,0.0,0.0,1.0,0.0,18.3
172,-0.2248704813312775,-0.1924588397001611,0.277,-0.684,0.08129139038167407,-0.34,0.47,-1.743,0.17286467408461131,1.294479480704511,-0.439,0.0,1.0,1.0,0.0,0.0,0.0,18.3
173,-0.9511504698851976,-0.9515837724691618,-0.898,0.503,-0.43536800514381985,-0.008,-0.812,1.221,-0.16126141055708193,1.375812250565261,0.318,1.0,0.0,0.0,0.0,0.0,1.0,26.6
174,-1.1910099866950188,-1.310708259894497,-1.192,-0.161,-1.066048784509423,1.794,-0.597,-0.103,-0.16471741060509273,-0.576174226092739,1.214,0.0,1.0,0.0,0.0,0.0,1.0,24.1
175,0.7742057546709782,1.251338388200882,0.449,-0.599,0.8366830583223966,1.794,0.151,0.286,0.3517472365696551,1.375812250565261,-0.668,0.0,1.0,1.0,0.0,0.0,0.0,22.7
176,-0.9829757724636997,-0.7837003738760174,-0.984,0.334,-1.6824768908950127,0.798,-1.166,1.335,0.1821267542132804,1.375812250565261,1.481,1.0,0.0,0.0,0.0,0.0,1.0,25.0
177,0.1080956451833252,1.5885650410271117,0.614,-0.177,1.054036321267605,-1.288,0.919,0.491,-0.5190265355271695,-0.820172535674989,-1.038,0.0,1.0,1.0,0.0,0.0,0.0,17.8
178,1.6378663747178954,1.0352797534897051,0.38,0.542,1.1288628544126762,-0.814,1.151,1.162,0.1713440340634867,0.39981901223626104,-1.106,1.0,0.0,0.0,0.0,1.0,0.0,17.2
179,0.6795376246117825,1.251338388200882,0.449,2.167,1.064725826002615,1.794,-2.851,0.317,-0.12891325010769983,-1.3895019247002391,-0.854,0.0,1.0,1.0,0.0,0.0,0.0,50.0
180,-0.9773029186978225,-1.0158174206265396,-0.371,0.056,0.1810601012417699,0.893,-0.874,-0.571,0.18157379420559872,-0.657506995953489,-0.229,0.0,1.0,1.0,0.0,0.0,0.0,24.6
181,0.04427875333445638,-0.16180187126141282,-0.077,-0.231,-0.33916246252872795,0.04,0.3,1.621,-0.1690028506646264,-0.250843146649739,0.104,1.0,0.0,0.0,1.0,0.0,0.0,21.0
182,1.9264227787528132,1.0352797534897051,1.089,-1.38,0.7404775157073046,-0.814,1.53,0.458,0.3347437163334415,1.701143330008261,-1.046,0.0,1.0,0.0,1.0,0.0,0.0,10.4
183,1.5561987669732047,1.0352797534897051,1.426,0.779,0.29151831683687535,-0.814,1.266,-1.335,-0.013621088506056539,-1.064170845257239,-0.976,1.0,0.0,0.0,0.0,1.0,0.0,8.4
184,0.20110921872528473,-1.0274962657460625,0.812,1.501,1.1288628544126762,2.505,-0.518,0.059,0.3701331568250732,1.538477790286761,-0.927,0.0,1.0,0.0,0.0,0.0,1.0,36.0
185,-0.31390581187195404,-0.14574345922206866,-0.051,-0.261,0.9649571151425197,0.324,0.79,1.454,-0.5177823755098857,1.619810560147511,-0.607,0.0,1.0,0.0,0.0,0.0,1.0,18.7
186,-0.5452260554834095,-0.06107183210552541,-0.552,-0.301,-0.3284729577937176,-0.055,0.535,-0.71,0.18129731420175788,-0.657506995953489,0.22,0.0,1.0,0.0,0.0,1.0,0.0,24.4
187,-0.5909514274176247,-0.14574345922206866,-0.051,-0.515,0.8758779090174345,0.324,0.702,0.075,0.3463558764947581,-0.332175916510489,-0.703,0.0,1.0,0.0,0.0,0.0,1.0,18.8
188,-0.11378387793837005,-0.7515835497973291,-1.053,-0.238,-1.1907596730845424,-0.292,-0.248,-0.575,-0.3372409330017966,-1.145503615117989,2.086,0.0,1.0,0.0,0.0,1.0,0.0,24.3
189,-0.45555209098075483,-0.7515835497973291,-1.053,0.223,-0.6847897822940584,-0.292,-0.184,0.31,0.354235556604223,0.31848624237551104,1.975,0.0,1.0,0.0,0.0,0.0,1.0,24.5
190,-0.5261182115672495,-0.5982987076035888,-0.907,-0.151,-2.1991362864205066,0.277,-1.007,0.117,0.35534147661958665,1.050481171122261,0.945,1.0,0.0,0.0,0.0,0.0,1.0,25.3
191,-1.1767475928797588,-0.8975691137913678,-1.097,-0.154,-0.7703058201741402,-0.245,-0.579,-0.255,-0.5119762954292275,-0.413508686371239,0.788,0.0,1.0,1.0,0.0,0.0,0.0,22.9
192,1.861482582648241,1.0352797534897051,1.27,-1.811,0.7547301886873183,-0.814,1.835,0.282,0.33059651627582864,1.213146710843761,-1.11,1.0,0.0,0.0,1.0,0.0,0.0,7.4
193,-1.2103925493477672,-0.8493938776733353,-0.328,-0.308,-1.1052436352044608,-0.814,-0.371,0.121,0.17604419412878128,-1.064170845257239,0.5,0.0,1.0,0.0,0.0,0.0,1.0,20.6
194,2.1104326704232585,1.0352797534897051,1.21,-1.168,1.1288628544126762,-0.814,1.76,0.928,-0.01832124857135145,-1.064170845257239,-1.124,1.0,0.0,1.0,0.0,0.0,0.0,5.0
195,1.6252178160634747,1.0352797534897051,1.616,-0.484,0.6977194967672641,-0.814,1.937,1.11,0.15917891389448816,1.457145020426011,-0.963,0.0,1.0,0.0,0.0,1.0,0.0,8.4
196,1.0090184013652728,1.0352797534897051,1.382,0.142,0.7155353379922811,-0.814,0.534,1.304,-0.0007647683274558958,-1.2268363849787391,-0.599,0.0,1.0,0.0,0.0,1.0,0.0,17.7
197,0.9361855885497886,1.0352797534897051,0.881,-0.734,-0.716858296499089,-0.814,0.474,1.402,-0.170523490685751,0.31848624237551104,-0.354,1.0,0.0,0.0,0.0,1.0,0.0,19.9
198,1.417230627768316,1.0352797534897051,0.268,-1.009,0.08129139038167407,-0.814,0.797,-0.067,-0.3546591732437714,1.457145020426011,-0.843,1.0,0.0,0.0,0.0,1.0,0.0,11.7
199,-0.6760314310233662,-0.8873501243117851,-1.079,0.117,-0.549389388983929,0.893,0.09,-1.283,-0.5129439754426705,0.23715347251476104,1.587,0.0,1.0,0.0,0.0,0.0,1.0,22.2
200,-0.9474721126465583,-1.2479344673770605,-0.561,1.0,-0.35341513550874154,0.324,-1.243,1.23,-0.3194079727540605,0.887815631400761,-0.469,1.0,0.0,1.0,0.0,0.0,0.0,37.2
201,-0.8473007063342645,-0.9515837724691618,-0.898,-0.22,-0.41042582742879613,-0.008,-0.385,-0.468,-0.16734397064158105,0.31848624237551104,-0.02,0.0,1.0,0.0,0.0,1.0,0.0,22.2
202,-0.7957978236294349,-0.6712914896006082,-0.915,0.293,-1.2905283839446378,0.419,-0.652,-1.121,-0.5034054153101605,-0.08817760692823898,0.17,0.0,1.0,0.0,0.0,0.0,1.0,29.1
203,1.1913940652520483,1.0352797534897051,1.382,0.539,1.064725826002615,-0.814,0.852,0.116,-0.3498207731765561,0.15582070265401105,-0.701,0.0,1.0,0.0,0.0,1.0,0.0,15.2
204,-0.6265012377745187,-0.35742252701342414,-0.285,0.718,0.10623356809669803,-1.146,-0.544,-0.478,-0.5069996553600917,1.538477790286761,-0.456,0.0,1.0,0.0,0.0,0.0,1.0,26.5
205,-0.6137090236817717,-0.4581525661693116,-0.25,-0.379,0.5195610845170937,1.557,0.369,0.913,0.0008941116955891505,-1.3081691548394891,1.191,1.0,0.0,0.0,1.0,0.0,0.0,18.9
206,1.6775850669829548,1.0352797534897051,1.02,0.53,0.8901305819974478,-0.814,1.302,1.049,0.3395821164006569,-1.064170845257239,-1.195,0.0,1.0,0.0,0.0,1.0,0.0,13.9
207,1.1358751876747097,1.0352797534897051,0.259,-0.526,-0.5386998842489186,-0.814,0.123,0.325,-0.34235581307285273,0.39981901223626104,-0.313,1.0,0.0,0.0,0.0,1.0,0.0,20.6
208,-1.6018523048041582,-1.1793212522998624,-1.313,0.466,-1.7644297605300912,1.367,-1.477,0.916,0.18779459429201825,1.619810560147511,1.189,1.0,0.0,0.0,0.0,0.0,1.0,29.1
209,-1.1567677627378272,-1.1209270267022473,-0.951,0.983,-1.1088068034494638,1.699,-1.399,0.39,0.196503714413006,0.725150091679261,0.712,0.0,1.0,0.0,0.0,1.0,0.0,35.4
210,-1.0692724390772426,-0.8975691137913678,-1.097,0.488,0.07416505389166766,-0.245,-0.645,-1.599,-0.16499389060893357,0.806482861540011,0.789,0.0,1.0,1.0,0.0,0.0,0.0,23.9
211,0.9928886732319419,1.0352797534897051,0.234,0.229,0.23807079316182422,-0.814,0.5,0.36,0.3524384365792575,-0.0068448370674889765,-0.437,0.0,1.0,0.0,1.0,0.0,0.0,23.2
212,-1.1626474310027415,-0.8975691137913678,-1.097,0.037,-1.2869652156996343,-0.245,-0.764,-1.248,-0.5093497353927392,-1.5521674644217391,0.789,1.0,0.0,0.0,0.0,0.0,1.0,24.8
213,0.8152455470601373,1.251338388200882,2.747,-1.425,0.9150727597124717,1.794,0.695,-1.067,-0.5255238156174302,1.701143330008261,-1.005,1.0,0.0,0.0,0.0,0.0,1.0,13.1
214,1.3871699580983443,1.0352797534897051,1.382,1.587,1.1039206766976524,-0.814,0.756,-1.343,-0.3462265331266248,0.23715347251476104,-0.654,0.0,1.0,0.0,0.0,0.0,1.0,17.8
215,1.5084133037894332,1.0352797534897051,1.616,0.26,0.9435781056724989,-0.814,1.355,-1.764,-0.1817209308413063,-0.901505305535739,-0.881,0.0,1.0,0.0,0.0,0.0,1.0,11.8
216,-0.800660042027168,0.2659358312411206,-1.002,-0.004,-2.2205152958905274,-0.103,-0.749,-0.035,-0.5103174154061821,0.07448793279326103,0.226,1.0,0.0,0.0,0.0,0.0,1.0,24.1
217,-0.1489986107621873,-0.7019484580393555,-0.423,2.826,0.3556553452469366,0.514,-1.571,-0.772,-0.13610173020756264,0.643817321818511,-0.437,0.0,1.0,1.0,0.0,0.0,0.0,44.8
218,1.2672744030679168,1.0352797534897051,0.268,-0.161,1.0362204800425878,-0.814,1.363,0.769,-0.3524473332130444,-0.982838075396489,-0.775,0.0,1.0,1.0,0.0,0.0,0.0,13.3
219,-0.6416873151795742,0.4206805290748019,-0.026,-0.461,0.9079464232224649,0.988,0.869,0.541,0.1772883541460654,0.806482861540011,-0.44,0.0,1.0,0.0,0.0,1.0,0.0,21.5
220,1.413178844539025,1.0352797534897051,1.21,0.277,1.0861048354726353,-0.814,0.793,-1.474,0.3384761963852932,-0.820172535674989,-1.009,1.0,0.0,0.0,1.0,0.0,0.0,13.1
221,0.8021109938038288,1.251338388200882,2.747,-0.207,1.1288628544126762,1.794,1.601,-0.107,-0.524556135603987,1.619810560147511,-1.159,0.0,1.0,0.0,0.0,0.0,1.0,13.8
222,1.7751798472208602,1.0352797534897051,0.38,-2.34,1.1288628544126762,-0.814,1.954,0.288,0.3451117164774743,0.07448793279326103,-1.093,1.0,0.0,0.0,0.0,1.0,0.0,17.9
223,-0.11346546381559686,1.5885650410271117,0.614,0.259,1.089668003717639,-1.288,0.283,0.713,0.001308831701350719,-1.145503615117989,-0.817,0.0,1.0,0.0,0.0,1.0,0.0,19.2
224,1.290582664485298,1.0352797534897051,1.382,0.672,0.8651884042824238,-0.814,0.824,0.77,-0.006709088410034592,1.619810560147511,-0.718,0.0,1.0,1.0,0.0,0.0,0.0,13.4
225,1.4543484932506243,1.0352797534897051,1.382,0.642,0.918635927957475,-0.814,0.941,-1.389,0.1674733140097143,-0.413508686371239,-0.632,1.0,0.0,0.0,0.0,0.0,1.0,14.4
226,1.3632483980541823,1.0352797534897051,0.881,-0.095,-0.10399335835850274,-0.814,0.363,-0.072,-0.3412498930574891,1.294479480704511,-0.403,1.0,0.0,0.0,1.0,0.0,0.0,21.4
227,-0.427571749898523,-0.06107183210552541,-0.552,-0.448,0.8473725630574068,-0.055,0.808,0.068,-0.16803517065118315,-0.250843146649739,0.042,0.0,1.0,0.0,0.0,1.0,0.0,21.7
228,-1.8195928027370742,-1.173481829740101,-1.321,1.154,-1.6931663956300231,1.51,-0.505,-0.061,-0.15351997044953744,-0.738839765814239,1.72,0.0,1.0,0.0,1.0,0.0,0.0,32.2
229,0.2589374349456104,-0.4187364638909207,-0.129,-0.499,0.918635927957475,-1.193,0.712,0.189,-0.0036678083677850336,-0.982838075396489,0.299,0.0,1.0,1.0,0.0,0.0,0.0,15.6
230,0.7862321192694729,1.251338388200882,0.449,0.062,0.9898992928575431,1.794,0.072,-0.854,-0.3379321330113987,-1.3081691548394891,-0.826,1.0,0.0,0.0,0.0,1.0,0.0,23.8
231,0.7924490719494337,1.251338388200882,2.747,-1.547,0.9079464232224649,1.794,1.632,1.306,0.17217347407500921,0.31848624237551104,-1.104,1.0,0.0,1.0,0.0,0.0,0.0,17.8
232,1.5467659516086807,1.0352797534897051,1.27,-1.76,1.021967807062574,-0.814,1.469,-1.656,0.16097603391945392,0.969148401261511,-0.987,1.0,0.0,0.0,0.0,1.0,0.0,9.7
233,-0.663218434336119,2.442580590392238,0.484,-0.416,1.0861048354726353,-0.767,0.883,-0.585,0.16636739399435094,0.643817321818511,-0.94,1.0,0.0,0.0,0.0,1.0,0.0,13.6
234,1.3760676934064648,1.0352797534897051,0.268,-1.205,0.9649571151425197,-0.814,0.89,0.776,-0.3517561332034423,0.643817321818511,-0.666,1.0,0.0,0.0,1.0,0.0,0.0,13.8
235,-0.7546467639641184,0.2659358312411206,-1.002,-0.193,-0.802374334379171,-0.103,-0.058,-1.37,-0.3420793330690119,1.457145020426011,0.147,0.0,1.0,0.0,0.0,0.0,1.0,20.8
236,1.1063813105851175,1.0352797534897051,1.875,0.174,0.7012826650122672,-0.814,-0.518,0.589,-0.5090732553888984,-0.16951037678898898,-0.622,1.0,0.0,0.0,0.0,1.0,0.0,25.0
237,0.6191144546894073,-0.4187364638909207,-0.129,-0.255,1.0184046388175707,-1.193,1.08,1.179,-0.35217085320920355,0.07448793279326103,-0.014,0.0,1.0,0.0,0.0,1.0,0.0,13.5
238,0.8753089902847769,1.251338388200882,2.747,-1.949,1.0504731530226012,1.794,1.688,-0.881,-0.008920928440761627,1.050481171122261,-1.195,0.0,1.0,0.0,0.0,0.0,1.0,11.8
239,-0.09837591142436404,-0.5296854925263899,-0.518,-0.333,-0.6562844363340312,-0.529,-0.538,0.662,0.002967711724395765,0.07448793279326103,0.456,1.0,0.0,0.0,0.0,1.0,0.0,20.4
240,-0.7337149930118864,-1.2479344673770605,-0.561,1.249,0.8509357313024105,0.324,-1.318,0.9,0.3727597168615615,1.375812250565261,-0.534,0.0,1.0,0.0,0.0,0.0,1.0,37.9
241,0.13396559675735734,-0.7019484580393555,-0.397,2.927,0.1774969329967662,0.514,-2.431,-0.882,-0.3131871726676407,-0.901505305535739,0.025,0.0,1.0,0.0,0.0,0.0,1.0,41.7
242,-0.3742491913068473,-0.028955008026837058,-1.209,-0.044,-2.2133889594005205,-0.34,-0.572,-1.335,-0.16568509061853567,0.48115178209701104,0.733,0.0,1.0,1.0,0.0,0.0,0.0,23.4
243,1.3816400171651766,1.0352797534897051,1.27,-1.258,1.089668003717639,-0.814,1.122,-1.292,-0.18213565084706757,0.969148401261511,-1.007,1.0,0.0,0.0,1.0,0.0,0.0,11.5
244,-1.6041472315689664,-1.4143580103302646,-1.226,0.767,-0.9912222513643515,1.604,-1.649,-0.34,0.36405059674057405,0.48115178209701104,2.218,0.0,1.0,1.0,0.0,0.0,0.0,31.6
245,1.0510836848863911,1.0352797534897051,-0.181,-0.066,0.7974882076273594,-0.814,0.318,0.515,0.001861791709032401,1.050481171122261,-0.338,0.0,1.0,0.0,1.0,0.0,0.0,19.6
246,-0.5932473404719925,-0.5982987076035888,-0.907,-0.293,-1.0090380925893685,0.277,-0.179,0.741,-0.16872637066078525,1.131813940983011,0.945,1.0,0.0,0.0,0.0,0.0,1.0,21.2
247,-1.097415006019385,0.5885639276679462,-0.768,0.236,-0.524447211268905,0.134,-0.441,0.832,0.17922371417295127,1.701143330008261,-0.061,1.0,0.0,1.0,0.0,0.0,0.0,22.9
248,-1.2722197721167554,-1.4245769998098474,-1.071,0.942,-1.205012346064556,-0.577,-0.984,-1.563,-0.3340614129576266,-0.738839765814239,2.448,0.0,1.0,0.0,0.0,1.0,0.0,26.6
249,0.7555149831020347,1.251338388200882,2.747,-0.92,1.1288628544126762,1.794,0.747,-1.576,-0.5220678155694191,-0.576174226092739,-1.112,0.0,1.0,0.0,0.0,0.0,1.0,15.6
250,-1.5022963863732544,-1.3924601757311592,-1.295,1.22,-1.9390250045352582,0.703,-1.451,-1.341,-0.49815229523718385,-1.3895019247002391,1.889,1.0,0.0,1.0,0.0,0.0,0.0,32.9
251,0.11286817171701354,-1.0274962657460625,0.812,1.321,0.8295567218323897,2.505,-0.453,0.405,0.1980243544341306,-0.250843146649739,-0.909,0.0,1.0,0.0,0.0,0.0,1.0,36.5
252,-0.25863452161108047,1.5885650410271117,0.614,-0.594,1.064725826002615,-1.288,1.159,0.09,0.16595267398858968,-0.0068448370674889765,-1.038,1.0,0.0,0.0,0.0,0.0,1.0,13.3
253,-0.6679150862168401,-0.6712914896006082,-0.915,1.408,-0.6883529505390619,0.419,-0.939,0.428,-0.32493757283087793,-0.332175916510489,0.488,1.0,0.0,1.0,0.0,0.0,0.0,33.2
254,0.1651491140435041,-0.7019484580393555,-0.397,0.486,0.4447345513720218,0.514,-0.559,1.201,-0.1564230104898666,-0.0068448370674889765,-0.254,0.0,1.0,0.0,0.0,0.0,1.0,30.1
255,-0.08915200832803476,-0.7019484580393555,-0.397,0.959,0.7190985062372843,0.514,-0.151,0.544,-0.33392317295570617,-1.3081691548394891,-0.454,1.0,0.0,0.0,0.0,0.0,1.0,26.7
256,-0.9467398786328279,-0.7209265813585809,-1.243,-0.565,-1.6717873861600026,-0.198,-0.453,-0.539,0.0051795517551228,-0.820172535674989,1.324,0.0,1.0,0.0,0.0,0.0,1.0,22.0
257,-0.23327452842485527,-0.35742252701342414,-0.285,-0.066,0.8153040488523764,-1.146,0.633,1.259,0.17438531410573624,0.15582070265401105,-0.608,0.0,1.0,0.0,0.0,1.0,0.0,19.4
258,-1.3422839741438732,-1.3311462388536626,-0.302,0.375,-0.3070939483236971,1.225,-0.344,-0.41,-0.3480236531515906,0.07448793279326103,1.212,0.0,1.0,0.0,0.0,0.0,1.0,16.5
259,-0.7197080808102034,-0.4581525661693116,-0.25,-0.549,-1.0446697750394027,1.557,0.65,-1.629,-0.5136351754522726,1.457145020426011,0.813,0.0,1.0,0.0,1.0,0.0,0.0,21.7
260,0.4188840660835653,-0.4187364638909207,-0.129,-0.484,-1.3902970948047333,-1.193,-0.799,-1.678,-0.5116998154253867,0.562484551957761,0.348,1.0,0.0,0.0,0.0,1.0,0.0,23.1
261,-0.8012564468434601,-0.8844304130319038,-1.226,1.239,-1.4473077867247877,-0.34,-1.822,0.144,-0.49206973515268443,-0.16951037678898898,0.649,0.0,1.0,0.0,0.0,1.0,0.0,37.3
262,-0.9880960879682112,-1.1092481815827244,-0.552,1.141,-0.1859462279935813,0.324,-1.038,-0.244,0.36004163668488126,-0.657506995953489,-0.183,0.0,1.0,0.0,0.0,1.0,0.0,28.7
263,-1.1786067154119073,-0.7180068700786996,-1.036,0.446,-0.994785419609355,1.13,-0.188,1.363,-0.1676204506454219,-1.4708346945609891,0.834,0.0,1.0,0.0,0.0,0.0,1.0,22.0
264,1.203344084622568,1.0352797534897051,1.382,0.228,0.6977194967672641,-0.814,0.703,-1.187,-0.5238649355943849,0.562484551957761,-0.72,1.0,0.0,0.0,1.0,0.0,0.0,14.3
265,-0.5748909807847066,-0.8873501243117851,-1.079,0.167,-2.156378267480466,0.893,-1.195,-0.38,0.3531296365888596,-1.064170845257239,1.588,0.0,1.0,0.0,0.0,0.0,1.0,23.7
266,-0.43068425757255374,-0.1924588397001611,0.277,-0.807,-0.5101945382888915,-0.34,0.203,-1.356,0.17770307415182665,-0.657506995953489,-0.688,0.0,1.0,0.0,0.0,0.0,1.0,21.8
267,-1.4552326258137795,-1.3501243621728876,-1.451,-0.065,-1.3119073934146583,0.134,0.326,0.25,-0.5158470154829995,-0.0068448370674889765,2.591,0.0,1.0,0.0,0.0,1.0,0.0,20.1
268,-1.0221407294723515,-1.2888104252953916,-0.699,0.814,0.07060188564666395,0.04,-0.575,1.718,-0.15904957052635488,0.562484551957761,-0.297,0.0,1.0,0.0,1.0,0.0,0.0,28.2
269,0.1718840335954903,-0.7019484580393555,-0.397,0.857,0.33427633577691634,0.514,-0.114,1.03,-0.16001725053979785,0.887815631400761,-0.253,0.0,1.0,0.0,1.0,0.0,0.0,27.5
270,-0.5617940335782691,-0.35742252701342414,-0.285,-0.211,0.6015139541521719,-1.146,0.469,-1.307,0.17576771412494044,1.457145020426011,-0.815,0.0,1.0,0.0,1.0,0.0,0.0,20.4
271,-0.5684788748161138,0.42506009599462324,-1.002,0.571,-1.3261600663946718,1.178,-0.88,-0.653,-0.5040966153197626,0.39981901223626104,1.061,0.0,1.0,0.0,0.0,0.0,1.0,28.6
272,-0.9621932021358356,-1.2479344673770605,-0.561,2.209,-0.524447211268905,0.324,-1.451,-1.313,0.04388675229284485,-0.332175916510489,-0.288,0.0,1.0,1.0,0.0,0.0,0.0,50.0
273,-0.5603252946446349,-0.14574345922206866,-0.051,-0.142,0.14899158703673904,0.324,0.207,-0.957,0.004073631739759436,-1.3081691548394891,-0.518,1.0,0.0,0.0,0.0,1.0,0.0,21.2
274,-0.7236893879747583,2.137470761644697,0.242,-0.447,0.8758779090174345,-0.292,0.87,0.663,-0.5152940554753178,0.969148401261511,-0.831,0.0,1.0,0.0,0.0,1.0,0.0,20.5
275,1.17022090435043,1.0352797534897051,1.875,-0.211,0.5373769257421107,-0.814,0.128,-1.072,0.3517472365696551,0.23715347251476104,-0.522,1.0,0.0,0.0,1.0,0.0,0.0,22.7
276,0.8991202274807298,1.251338388200882,0.449,-0.248,0.8794410772624377,1.794,-0.134,1.403,-0.16347325058780895,-1.3895019247002391,-0.737,0.0,1.0,0.0,0.0,0.0,1.0,25.0
277,0.08653797538655586,-1.0274962657460625,0.812,3.004,0.8259935535873866,2.505,-0.978,1.455,0.38782787707088884,-1.2268363849787391,-0.734,0.0,1.0,0.0,0.0,0.0,1.0,48.8
278,-0.9200340630911354,-0.6712914896006082,-0.915,0.781,-1.4508709549697911,0.419,-1.563,-1.135,-0.32507581283279835,-1.4708346945609891,0.525,1.0,0.0,0.0,0.0,0.0,1.0,33.1
279,-0.43964877580666195,-0.4581525661693116,-0.25,-0.386,0.626456131867196,1.557,0.791,1.049,0.17369411409613383,0.48115178209701104,1.369,0.0,1.0,0.0,0.0,0.0,1.0,18.9
280,-0.07510406411127522,-0.7515835497973291,-1.053,2.816,-2.1349992580104455,-0.292,-1.832,1.985,0.03393347215457334,1.131813940983011,2.503,1.0,0.0,0.0,0.0,0.0,1.0,42.8
281,-0.8246869270621697,-1.2888104252953916,-0.699,1.625,0.1276125775667188,0.04,-0.827,1.857,-0.1518610904264921,-1.3081691548394891,-0.337,0.0,1.0,0.0,0.0,0.0,1.0,33.4
282,-1.1194203807250978,-1.385160897531457,-1.287,1.436,-1.2192650190445695,2.505,-1.595,-0.453,0.3664006767732215,-1.5521674644217391,1.722,0.0,1.0,0.0,1.0,0.0,0.0,33.3
283,-0.10071378125311106,-0.16180187126141282,-0.077,-0.431,0.2986446533268823,0.04,-0.107,1.475,-0.34277053307861405,0.969148401261511,-0.336,0.0,1.0,0.0,0.0,1.0,0.0,20.3
284,1.215833213292438,1.0352797534897051,-0.181,1.115,0.3093341580618924,-0.814,-0.694,-1.652,-0.33627325298835364,-0.820172535674989,-0.185,1.0,0.0,1.0,0.0,0.0,0.0,25.0
285,1.3579908089900368,1.0352797534897051,1.382,0.036,0.5480664304771208,-0.814,0.704,-1.586,0.3409645164198611,-0.0068448370674889765,-0.491,1.0,0.0,0.0,0.0,0.0,1.0,14.9
286,-0.5301263803870364,-0.7515835497973291,-1.053,0.3,-1.9710935187402887,-0.292,-0.981,-1.185,0.18129731420175788,-0.08817760692823898,1.764,0.0,1.0,0.0,0.0,0.0,1.0,24.4
287,-1.5705396670458276,-1.0596130898247507,-1.373,1.673,-1.215701850799566,1.225,-2.047,-0.851,0.03559235217761869,-0.08817760692823898,1.245,1.0,0.0,0.0,0.0,0.0,1.0,44.0
288,-0.3000433096111314,-0.35742252701342414,-0.285,0.184,0.6086402906421788,-1.146,-0.0,-0.789,0.00047939168982788884,1.457145020426011,-0.525,1.0,0.0,0.0,1.0,0.0,0.0,18.6
289,-0.07477252272556476,-0.16180187126141282,-0.077,0.414,0.6763404872972433,0.04,-0.227,1.115,0.007667871789690677,1.375812250565261,-0.09,0.0,1.0,1.0,0.0,0.0,0.0,23.8
290,-1.0870055087381651,-0.8304157543541099,-1.278,0.411,-1.6183398624849514,0.893,-0.186,0.79,0.18185027420943956,1.701143330008261,1.725,1.0,0.0,0.0,0.0,1.0,0.0,24.8
291,-0.6823393421094363,0.2659358312411206,-1.002,0.005,0.2202549519368072,-0.103,0.197,-0.43,-0.1703852506838306,-1.3895019247002391,0.129,1.0,0.0,0.0,0.0,1.0,0.0,20.0
292,-0.5153986053497461,-0.14574345922206866,-0.051,-0.773,-0.11111969484850966,0.324,0.411,1.53,-0.34415293309781825,-1.5521674644217391,-0.505,0.0,1.0,0.0,0.0,0.0,1.0,19.3
293,0.07895837233863222,-0.7019484580393555,-0.397,1.537,0.11692307283170815,0.514,-1.349,1.763,-0.1544876504629804,-0.413508686371239,0.175,0.0,1.0,0.0,0.0,0.0,1.0,31.5
294,-0.5234318675564731,-0.14574345922206866,-0.051,-0.031,0.5658822717021379,0.324,-0.029,-0.858,-0.17245885071263722,-0.0068448370674889765,-0.75,1.0,0.0,0.0,1.0,0.0,0.0,18.5
295,-0.5957472845305427,-1.185160674859624,-0.932,0.496,-0.37479414497876207,0.229,-0.782,1.382,0.1868269142785753,0.562484551957761,-0.144,1.0,0.0,0.0,0.0,0.0,1.0,28.4
296,-0.9181941924530884,-0.8493938776733353,-0.328,-0.437,-0.3498519672637381,-0.814,-0.225,-0.991,0.0006176316917483093,-1.5521674644217391,0.5,0.0,1.0,0.0,0.0,1.0,0.0,18.7
297,0.4828698802277781,1.251338388200882,0.449,-0.569,0.936451769182492,1.794,0.509,0.01,-0.3467794931343065,-0.901505305535739,-0.667,1.0,0.0,1.0,0.0,0.0,0.0,17.4
298,-0.6390163249385324,2.442580590392238,0.484,-0.416,0.540940093987114,-0.767,0.379,0.658,0.0025529917186345036,1.457145020426011,-0.822,0.0,1.0,0.0,0.0,0.0,1.0,20.1
299,-1.0873341943370585,0.5885639276679462,-0.768,-0.038,0.32002366279690253,0.134,-0.007,-1.508,0.0032441917282366064,1.213146710843761,-0.085,1.0,0.0,0.0,1.0,0.0,0.0,20.6
300,-0.18913885202740183,-0.06107183210552541,-0.552,-1.226,-2.085114902580398,-0.055,1.702,-1.534,-0.3380703730133191,-1.4708346945609891,-0.097,0.0,1.0,0.0,0.0,1.0,0.0,23.7
301,-0.4259828521816959,-0.736984993397925,-0.466,-0.44,-1.3582285805997025,-0.34,-0.081,0.17,-0.5101791754042617,-1.4708346945609891,0.028,0.0,1.0,0.0,0.0,0.0,1.0,24.2
302,-0.2754542059160647,-0.5296854925263899,-0.518,-0.274,-0.8772008675242424,-0.529,0.308,0.754,0.351056036560053,-0.982838075396489,0.795,1.0,0.0,0.0,0.0,1.0,0.0,22.2
303,0.09902008587769405,-1.0274962657460625,0.812,1.767,0.7511670204423152,2.505,-0.636,-0.863,-0.31125181264075474,-1.2268363849787391,-0.808,0.0,1.0,0.0,1.0,0.0,0.0,43.1
304,-0.7016901905549855,-0.736984993397925,-0.466,-0.617,-0.24652008815863932,-0.34,0.117,-0.294,0.34801475651780345,-0.0068448370674889765,-0.201,1.0,0.0,0.0,0.0,1.0,0.0,20.0
305,-0.9656502708171504,-1.280051291455749,-1.321,1.087,-2.077988566090391,1.747,-1.346,0.032,-0.33074365291153623,-0.250843146649739,1.976,0.0,1.0,1.0,0.0,0.0,0.0,29.0
306,-0.88589291751835,-1.2479344673770605,-0.561,2.115,0.533813757497107,0.324,-0.568,0.382,0.2025862744975051,1.701143330008261,-0.513,0.0,1.0,0.0,1.0,0.0,0.0,39.8
307,-0.8558679878786019,-1.0158174206265396,-0.371,-0.363,-0.7524899789491231,0.893,-0.084,0.428,0.3524384365792575,0.806482861540011,-0.115,0.0,1.0,1.0,0.0,0.0,0.0,23.2
308,1.0269868758983773,1.0352797534897051,1.875,-0.035,0.8117408806073727,-0.814,0.481,0.655,0.002276511714793663,1.375812250565261,-0.731,0.0,1.0,0.0,0.0,0.0,1.0,19.9
309,1.5155211457268918,1.0352797534897051,1.089,0.719,0.8010513758723626,-0.814,1.476,0.075,-0.5332652557249744,-0.332175916510489,-0.963,0.0,1.0,0.0,0.0,0.0,1.0,7.5
310,-0.367956738801452,-0.06107183210552541,-0.552,-0.133,-0.9235220547092868,-0.055,-0.193,0.075,-0.16347325058780895,-0.738839765814239,0.077,0.0,1.0,1.0,0.0,0.0,0.0,25.0
311,-0.27919843013132056,-0.1924588397001611,0.277,-0.364,-0.10755652660350645,-0.34,0.324,-1.432,0.17687363414030413,-0.576174226092739,-0.676,0.0,1.0,0.0,0.0,0.0,1.0,21.2
312,-0.2545265447089171,-0.06107183210552541,-0.552,-0.7,0.15611792352674594,-0.055,0.882,0.011,-0.5125292554369092,-0.08817760692823898,0.275,0.0,1.0,0.0,0.0,1.0,0.0,22.5
313,-0.32446905279424815,-0.06107183210552541,-0.552,-0.665,-0.5173208747788984,-0.055,0.684,-0.737,0.005732511762804483,-1.5521674644217391,-0.067,0.0,1.0,0.0,0.0,0.0,1.0,22.4
314,1.5294817062681063,1.0352797534897051,1.616,0.502,0.936451769182492,-0.814,1.304,1.517,-0.17950909081057928,0.562484551957761,-0.814,1.0,0.0,0.0,1.0,0.0,0.0,13.4
315,-0.7482582401157694,-0.028955008026837058,-1.209,0.201,-2.1991362864205066,-0.34,-0.764,1.257,0.18102083419791704,-0.08817760692823898,0.731,0.0,1.0,0.0,0.0,0.0,1.0,24.2
316,0.4771918124558165,1.5885650410271117,0.614,0.071,1.046909984777598,-1.288,0.237,-0.232,-0.17093821069151227,-0.820172535674989,-0.743,0.0,1.0,0.0,0.0,1.0,0.0,19.6
317,1.007117093007919,1.0352797534897051,1.875,-1.297,0.9934624611025469,-0.814,-0.071,0.056,0.17632067413262212,1.050481171122261,-0.824,1.0,0.0,1.0,0.0,0.0,0.0,20.8
318,-0.9262194385081343,-1.2479344673770605,-0.561,-0.174,0.01715436197161283,0.324,0.354,0.176,-0.3299142129000134,0.48115178209701104,-0.249,0.0,1.0,1.0,0.0,0.0,0.0,29.6
319,1.2861623944022726,1.0352797534897051,1.382,0.059,0.5231242527620968,-0.814,0.457,-1.388,0.34732355650820135,-1.3895019247002391,-0.516,1.0,0.0,0.0,0.0,0.0,1.0,19.5
320,-1.9890876266388875,-1.2698323019761661,-0.129,0.425,-0.11111969484850966,1.51,-1.263,-1.666,-0.33765565300755784,-1.3081691548394891,0.146,0.0,1.0,0.0,0.0,0.0,1.0,24.0
321,-1.1525945368812514,-0.8493938776733353,-0.328,0.049,-1.0624856162644196,-0.814,-0.757,-0.285,0.3489824365312464,1.131813940983011,1.306,0.0,1.0,0.0,1.0,0.0,0.0,20.7
322,1.3440530633676373,1.0352797534897051,1.382,0.201,1.0682889942476181,-0.814,0.994,0.086,-0.18006205081826127,-0.982838075396489,-0.784,0.0,1.0,0.0,0.0,1.0,0.0,13.0
323,-1.4785537895215468,-1.0012188642271354,-1.071,0.341,-1.4473077867247877,0.277,-0.856,0.155,-0.16609981062429727,0.643817321818511,2.322,0.0,1.0,1.0,0.0,0.0,0.0,23.1
324,-0.5463704912751948,-0.7209265813585809,-1.243,-0.968,-1.1230594764294777,-0.198,0.346,0.621,0.3444205164678722,0.07448793279326103,1.324,1.0,0.0,0.0,0.0,0.0,1.0,17.4
325,-0.2056460871896105,-0.1924588397001611,0.277,-0.497,-0.9163957182192799,-0.34,0.409,0.582,-0.33696445299795574,0.643817321818511,-0.689,0.0,1.0,0.0,0.0,0.0,1.0,24.5
326,0.27975980820286284,-0.4187364638909207,-0.129,-0.406,0.47680306557705265,-1.193,0.536,-1.686,-0.3466412531323861,1.375812250565261,0.23,1.0,0.0,1.0,0.0,0.0,0.0,17.5
327,0.4520197620306263,-0.4187364638909207,-0.129,-0.799,0.918635927957475,-1.193,1.256,1.304,-0.18047677082402253,-0.413508686371239,0.217,1.0,0.0,1.0,0.0,0.0,0.0,12.7
328,-0.4364491230296474,-0.35742252701342414,-0.285,-0.624,0.8402462265674003,-1.146,0.937,1.6,0.17452355410765666,-1.5521674644217391,-0.772,0.0,1.0,1.0,0.0,0.0,0.0,19.5
329,0.17654028461295126,-0.4187364638909207,-0.129,-0.464,-0.23226741517862573,-1.193,-0.421,-1.375,0.17576771412494044,-0.0068448370674889765,0.449,0.0,1.0,0.0,0.0,1.0,0.0,20.4
330,-0.7305718268278539,-0.028955008026837058,-1.209,-0.299,-2.156378267480466,-0.34,-1.092,-1.411,-0.5121145354311479,-1.5521674644217391,0.733,1.0,0.0,0.0,0.0,0.0,1.0,22.8
331,-0.31441459351886064,-0.5909994294038863,-0.768,2.01,-0.5885842396789666,-0.055,-0.799,-1.31,-0.4949727751930139,-0.0068448370674889765,0.283,0.0,1.0,0.0,0.0,0.0,1.0,35.2
332,-1.4070146959564875,-1.310708259894497,-1.192,1.895,-1.8748879761251966,1.794,-2.047,1.774,0.2060422745455159,-0.738839765814239,1.212,1.0,0.0,0.0,1.0,0.0,0.0,42.3
333,2.4167836535279674,1.0352797534897051,1.089,-0.452,1.1288628544126762,-0.814,1.103,0.368,-0.18586813089891954,1.050481171122261,-0.973,1.0,0.0,0.0,0.0,1.0,0.0,8.8
334,-0.7569767195647084,-1.104868614662903,-1.002,1.281,-1.4971921421548355,1.557,-2.181,1.762,-0.3205138927694239,0.07448793279326103,1.314,0.0,1.0,1.0,0.0,0.0,0.0,36.4
335,-0.9586779510322522,-0.6712914896006082,-0.915,0.685,-1.2620230379846107,0.419,-1.837,1.843,-0.1532434904456966,-0.738839765814239,0.142,1.0,0.0,0.0,0.0,0.0,1.0,32.4
336,-0.5340336648831411,-1.0158174206265396,-0.371,-0.999,0.7190985062372843,0.893,0.538,0.97,-0.16609981062429727,-0.08817760692823898,-0.583,1.0,0.0,0.0,0.0,0.0,1.0,23.1
337,-0.7829383133138657,0.42506009599462324,-1.002,-0.379,-0.9270852229542903,1.178,-0.037,0.612,-0.34083517305172784,-1.3081691548394891,0.838,1.0,0.0,1.0,0.0,0.0,0.0,21.7
338,1.1078245612387527,1.0352797534897051,1.426,-3.004,0.6977194967672641,-0.814,-0.668,0.079,-0.16001725053979785,0.969148401261511,-1.064,0.0,1.0,0.0,0.0,0.0,1.0,27.5
339,0.6708632201723624,1.251338388200882,0.449,-0.566,0.38772385945196747,1.794,0.221,1.455,-0.5107321354119434,-1.3895019247002391,-0.667,0.0,1.0,1.0,0.0,0.0,0.0,23.8
340,-0.6894853450876659,-0.7180068700786996,-1.036,1.003,-1.8036246112251284,1.13,-1.304,0.223,0.1933241943688357,-0.413508686371239,0.833,1.0,0.0,0.0,0.0,1.0,0.0,33.1
341,-0.4185675328373965,-0.1924588397001611,0.277,-1.003,0.1846232694867731,-0.34,0.584,1.302,0.17175875406924795,0.643817321818511,-0.679,1.0,0.0,1.0,0.0,0.0,0.0,17.5
342,2.193405891829155,1.0352797534897051,1.21,-2.494,1.1288628544126762,-0.814,2.076,-1.286,-0.1883564509334874,0.07448793279326103,-1.042,0.0,1.0,0.0,0.0,0.0,1.0,7.0
343,1.2107823166037077,1.0352797534897051,0.674,0.578,1.014841470572567,-0.814,-1.745,-0.838,0.3894867570939342,1.538477790286761,-1.19,0.0,1.0,0.0,0.0,0.0,1.0,50.0
344,-0.7803623737818715,-0.8873501243117851,-1.079,0.292,-1.7751192652651013,0.893,-0.856,-0.38,-0.16527037061277441,0.725150091679261,1.174,0.0,1.0,0.0,1.0,0.0,0.0,23.7
345,-0.23675055342702395,-0.16180187126141282,-0.077,-0.359,0.7867987028923492,0.04,0.162,-1.117,0.00158531170519156,-1.064170845257239,-0.468,0.0,1.0,0.0,0.0,1.0,0.0,19.4
346,-1.581999957033684,-1.430416422369609,-1.313,2.339,-1.5506396658298867,2.316,-2.021,0.521,0.04388675229284485,-1.5521674644217391,1.025,0.0,1.0,1.0,0.0,0.0,0.0,50.0
347,-0.8649356269723962,-1.2479344673770605,-0.561,-0.187,-0.2180147421986119,0.324,-0.196,-0.889,0.37040963682891404,1.619810560147511,-0.583,0.0,1.0,0.0,0.0,0.0,1.0,36.2
348,-0.5788550030079793,-0.858153011512977,-0.863,0.691,-0.8878903722592527,-0.577,-0.188,-1.381,0.009326751812735724,-0.901505305535739,2.05,0.0,1.0,0.0,1.0,0.0,0.0,25.0
349,1.9052931672962796,1.0352797534897051,1.21,-1.316,0.9863361246125399,-0.814,1.033,0.075,0.3318406762931124,0.07448793279326103,-1.02,0.0,1.0,0.0,0.0,0.0,1.0,8.3
350,-0.5566201438139643,-0.35742252701342414,-0.285,-0.603,1.0112783023275638,-1.146,0.729,-0.029,0.0017235517071119805,1.457145020426011,-0.824,0.0,1.0,0.0,0.0,1.0,0.0,19.5
351,1.469432406386793,1.0352797534897051,1.02,0.736,1.0861048354726353,-0.814,1.152,-1.268,0.16595267398858968,-1.3895019247002391,-1.189,0.0,1.0,0.0,0.0,1.0,0.0,13.3
352,-1.3006598048894134,-0.5749410173645422,-0.725,1.291,-0.2572095928936494,0.324,-1.616,-0.366,15.201902962868626,-0.08817760692823898,0.576,1.0,0.0,0.0,0.0,1.0,0.0,34.7
353,-1.1934754212029648,-0.8493938776733353,-0.328,-0.577,-0.7845584931541539,-0.814,-0.136,1.464,0.34732355650820135,1.131813940983011,0.704,1.0,0.0,0.0,0.0,0.0,1.0,19.5
354,-0.33123475654540774,-0.7515835497973291,-1.053,0.231,-2.1171834167854287,-0.292,-1.808,1.604,-0.1637497305916498,0.887815631400761,1.764,1.0,0.0,1.0,0.0,0.0,0.0,24.8
355,1.1276975245827623,1.0352797534897051,1.382,0.354,0.6478351413372162,-0.814,0.889,-0.103,0.16705859400395304,-0.250843146649739,-0.662,1.0,0.0,0.0,0.0,0.0,1.0,14.1
356,-0.6891089972247055,-1.2479344673770605,-0.561,0.408,0.9720834516325261,0.324,-1.044,-0.396,0.19249475435731317,1.701143330008261,-0.462,0.0,1.0,1.0,0.0,0.0,0.0,32.5
357,-0.17377275124911715,-0.5909994294038863,-0.768,-0.596,-0.934211559444297,-0.055,0.335,-1.162,0.34953539653892807,-0.982838075396489,0.313,0.0,1.0,0.0,0.0,1.0,0.0,21.1
358,-0.26734332022233664,-0.16180187126141282,-0.077,-0.701,0.12048624107671187,0.04,0.674,1.265,-0.17066173068767143,0.887815631400761,0.12,1.0,0.0,0.0,0.0,0.0,1.0,19.8
359,-1.4048578499377877,-1.1793212522998624,-1.313,0.745,-2.0815517343353944,1.367,-1.247,-0.755,0.017759391929882296,-1.2268363849787391,1.189,1.0,0.0,0.0,0.0,0.0,1.0,31.1
360,1.4807364457633225,1.0352797534897051,0.268,0.791,0.9257622644474819,-0.814,1.026,-0.85,0.16705859400395304,-0.820172535674989,-0.832,0.0,1.0,1.0,0.0,0.0,0.0,14.1
361,-0.318911466779966,-0.5982987076035888,-0.907,-0.957,-0.22514107868861882,0.277,0.701,-1.321,0.00158531170519156,0.48115178209701104,1.124,1.0,0.0,0.0,1.0,0.0,0.0,19.4
362,0.11941880896778422,1.5885650410271117,0.614,0.084,1.064725826002615,-1.288,0.778,-0.048,-0.34581181312086356,-0.16951037678898898,-0.821,0.0,1.0,0.0,0.0,0.0,1.0,18.1
363,-0.9239678353765336,0.13454882364648593,0.173,0.994,0.8081777123623695,-1.193,-1.056,-1.667,-0.16499389060893357,-0.657506995953489,-0.793,1.0,0.0,0.0,0.0,1.0,0.0,23.9
364,1.4762362151229935,1.0352797534897051,1.616,0.297,1.1288628544126762,-0.814,0.954,-0.9,0.1688557140289188,-1.4708346945609891,-0.886,1.0,0.0,0.0,0.0,0.0,1.0,15.4
365,-1.128782193950516,-1.1092481815827244,-0.552,0.184,0.19887594246678694,0.324,-0.433,0.208,0.0051795517551228,-1.3081691548394891,-0.341,1.0,0.0,0.0,0.0,0.0,1.0,22.0
366,-0.8637755320445963,-1.2888104252953916,-0.82,1.237,-0.5030682017988846,-0.103,-1.15,0.605,-0.3207903727732647,1.294479480704511,1.112,1.0,0.0,1.0,0.0,0.0,0.0,36.2
367,-0.5028872720451156,-0.35742252701342414,-0.285,0.641,0.4126660371669914,-1.146,-0.202,1.166,0.3583827566618362,-1.2268363849787391,-0.495,0.0,1.0,1.0,0.0,0.0,0.0,27.5
368,-0.06645879692663495,-0.06107183210552541,-0.552,-1.238,0.7226616744822875,-0.055,1.355,-1.322,0.17424707410381582,-0.0068448370674889765,-0.061,1.0,0.0,0.0,0.0,0.0,1.0,19.3
369,-0.3841312739166962,-0.7515835497973291,-1.053,-0.952,0.06703871740166074,-0.292,0.919,0.908,-0.5180588555137265,1.619810560147511,2.037,0.0,1.0,0.0,0.0,1.0,0.0,18.5
370,0.6237082578643189,1.5885650410271117,0.614,-1.784,1.1288628544126762,-1.288,1.956,1.395,-0.17812669079137508,0.31848624237551104,-1.149,0.0,1.0,0.0,0.0,1.0,0.0,14.4
371,1.7223002803518879,1.0352797534897051,1.27,-1.418,1.0611626577576112,-0.814,1.772,1.501,-0.015279968529101585,-0.250843146649739,-1.155,1.0,0.0,0.0,1.0,0.0,0.0,7.2
372,1.7566462165734664,1.0352797534897051,1.089,0.225,1.1288628544126762,-0.814,1.674,0.483,-0.36087997333019095,1.619810560147511,-0.956,1.0,0.0,0.0,0.0,1.0,0.0,7.2
373,1.6472511576332725,1.0352797534897051,1.27,-1.982,1.1288628544126762,-0.814,1.762,-1.242,-0.5295327756731227,-1.145503615117989,-1.075,1.0,0.0,1.0,0.0,0.0,0.0,10.2
374,0.9802719695073946,1.0352797534897051,1.426,3.004,0.5195610845170937,-0.814,-1.163,0.071,-0.1677586906473423,-1.064170845257239,-0.921,1.0,0.0,0.0,0.0,0.0,1.0,21.9
375,0.9884273315015972,1.251338388200882,2.747,-0.176,0.5088715797820831,1.794,0.575,1.344,-0.3492678131688744,-0.16951037678898898,-0.998,1.0,0.0,0.0,0.0,0.0,1.0,15.6
376,1.8974887334838832,1.0352797534897051,1.27,-2.306,1.1288628544126762,-0.814,1.629,-0.152,0.33488195633536194,-0.413508686371239,-1.135,0.0,1.0,0.0,0.0,0.0,1.0,10.5
377,-0.9983254743734343,-0.9515837724691618,-0.898,-0.37,-0.8273165120941948,-0.008,0.317,-1.347,-0.3397292530363645,0.887815631400761,0.312,0.0,1.0,0.0,0.0,0.0,1.0,22.5
378,-1.276132143612996,0.5885639276679462,-0.768,-0.092,-1.404549767784747,0.134,-0.896,1.607,0.1821267542132804,0.562484551957761,-0.06,1.0,0.0,0.0,1.0,0.0,0.0,25.0
379,-0.09678368466988842,1.5885650410271117,0.614,0.253,1.0718521624926218,-1.288,0.527,-0.673,-0.3471942131400681,0.07448793279326103,-0.948,0.0,1.0,0.0,0.0,1.0,0.0,17.1
380,1.9099080621310256,1.0352797534897051,1.21,-0.41,1.1288628544126762,-0.814,1.538,0.868,-0.363091813360918,-0.738839765814239,-1.075,0.0,1.0,1.0,0.0,0.0,0.0,5.6
381,-0.4849054269132638,-0.858153011512977,-0.863,-0.186,-1.3938602630497365,-0.577,-0.73,-0.046,0.17977667418063326,-1.3895019247002391,1.968,1.0,0.0,0.0,0.0,1.0,0.0,23.3
382,-0.1446310555713443,-0.16180187126141282,-0.077,-0.514,0.5302505892521038,0.04,0.907,-0.46,-0.17342653072608016,0.31848624237551104,0.102,1.0,0.0,0.0,0.0,0.0,1.0,17.8
383,1.0720500648011755,1.0352797534897051,1.875,-0.671,0.7369143474623013,-0.814,0.533,1.224,0.3435910764563494,1.457145020426011,-0.921,0.0,1.0,0.0,1.0,0.0,0.0,16.8
384,-0.17530118412589368,-0.7019484580393555,-0.423,2.003,-1.8285667889401525,0.514,-1.662,1.494,0.21212483463001502,0.31848624237551104,-0.201,0.0,1.0,1.0,0.0,0.0,0.0,46.7
385,1.0579084597924184,1.251338388200882,2.747,-1.147,1.1288628544126762,1.794,1.516,-0.422,-0.0036678083677850336,-1.145503615117989,-1.162,0.0,1.0,0.0,0.0,1.0,0.0,15.6
386,-0.6463876018915387,0.13454882364648593,0.173,0.736,0.7476038521973115,-1.193,-0.825,0.005,0.3507795565562122,0.643817321818511,-0.684,0.0,1.0,0.0,0.0,1.0,0.0,22.0
387,-0.6307606725603242,-0.8873501243117851,-1.079,0.882,-0.4995050335538813,0.893,0.113,1.566,-0.3335084529499449,-1.2268363849787391,1.245,0.0,1.0,0.0,0.0,1.0,0.0,27.0
388,-1.183286908611097,-0.8844304130319038,-1.226,0.831,-1.440181450234781,-0.34,-1.934,0.093,-0.33143485292113833,1.131813940983011,0.649,0.0,1.0,0.0,0.0,0.0,1.0,28.5
389,0.18262863572780252,-0.4187364638909207,-0.129,-0.255,0.576571776437148,-1.193,-0.059,-0.658,-7.356831785379322e-05,0.806482861540011,0.33,1.0,0.0,0.0,0.0,1.0,0.0,18.2
390,-0.05856025250220975,-0.7019484580393555,-0.423,2.505,0.6478351413372162,0.514,-2.037,-1.345,-0.49165501514692317,1.213146710843761,-0.281,0.0,1.0,0.0,1.0,0.0,0.0,37.6
391,-1.078109189394762,-1.1150876041424858,-1.338,-0.694,-1.3261600663946718,1.13,-0.063,0.716,-0.3440146930958978,0.39981901223626104,1.379,1.0,0.0,0.0,1.0,0.0,0.0,19.4
392,-1.017488108930101,-0.7837003738760174,-0.984,-0.394,-1.6717873861600026,0.798,-0.387,0.838,-0.33848509301908036,0.15582070265401105,1.479,1.0,0.0,0.0,0.0,0.0,1.0,23.4
393,-1.0865676180552106,-1.328226527573782,-1.209,-0.87,-1.6539715449349854,-1.668,-0.463,0.564,-0.17287357071839848,-0.413508686371239,2.888,1.0,0.0,0.0,0.0,1.0,0.0,18.2
394,1.6501022860977437,1.0352797534897051,1.616,0.263,0.8901305819974478,-0.814,0.881,-1.25,-0.5303622156846453,1.457145020426011,-0.875,0.0,1.0,0.0,0.0,0.0,1.0,9.6
395,-0.9136257406834452,-1.4245769998098474,-1.071,0.304,-0.8522586898092187,-0.577,-0.959,-0.459,0.35202371657349596,1.294479480704511,2.446,1.0,0.0,0.0,0.0,0.0,1.0,22.9
396,1.6141366141590177,1.0352797534897051,1.21,-0.552,0.9400149374274958,-0.814,0.717,-0.801,0.3379232363776115,0.07448793279326103,-0.981,1.0,0.0,0.0,0.0,1.0,0.0,12.7
397,1.2710087080596801,1.0352797534897051,0.268,0.212,0.23094445667181732,-0.814,0.206,0.536,-0.521376615559817,0.23715347251476104,-0.777,0.0,1.0,0.0,0.0,1.0,0.0,16.1
398,-0.7722689645589388,0.2659358312411206,-1.002,-0.57,-1.1301858129194844,-0.103,-0.259,-1.037,0.3484294765235647,-0.16951037678898898,0.349,1.0,0.0,0.0,1.0,0.0,0.0,20.3
399,-1.3338814363298916,-1.0552335229049294,-0.596,0.597,-0.4246785004088097,0.419,-0.654,0.709,0.35340611659270044,1.050481171122261,0.95,0.0,1.0,0.0,1.0,0.0,0.0,23.9
400,1.0763681747737037,1.0352797534897051,1.875,-0.232,0.46255039259703884,-0.814,0.292,0.075,0.17880899416719,-1.064170845257239,-0.627,1.0,0.0,1.0,0.0,0.0,0.0,22.6
401,-0.19837976260076862,-0.5296854925263899,-0.518,-0.806,0.21312861544680026,-0.529,0.165,-0.926,0.3459411564889968,-1.145503615117989,0.455,0.0,1.0,0.0,0.0,1.0,0.0,18.5
402,-1.1731827503632806,-1.1209270267022473,-0.951,2.193,-0.1360618725635336,1.699,-1.731,-0.56,-0.48087229499712913,0.887815631400761,0.443,1.0,0.0,0.0,0.0,1.0,0.0,45.4
403,-0.337541838390509,-0.4581525661693116,-0.25,-0.915,1.1288628544126762,1.557,1.724,-1.36,-0.17522365075104593,1.294479480704511,1.121,0.0,1.0,0.0,0.0,1.0,0.0,16.5
